Date,Class,Boat_Size,Piece,Margin_s,Winners,Losers
2018-11-11,Four,4,2018-11-11:1,3,"Aghai, Richards, Stoep, Weiss","Furey, Graves, Moffitt, Wallis"
2018-11-11,Four,4,2018-11-11:2,3,"Aghai, Richards, Stoep, Weiss","Furey, Graves, Moffitt, Wallis"
2018-11-11,Four,4,2018-11-11:3,4,"Aghai, Richards, Stoep, Weiss","Furey, Graves, Moffitt, Wallis"
2018-11-28,Pair,2,2018-11-28:1,3,"DiSanto, Peszek","Landboe, Reed"
2018-11-28,Pair,2,2018-11-28:1,1,"DiSanto, Peszek","Eble, Karwoski"
2018-11-28,Pair,2,2018-11-28:1,14,"DiSanto, Peszek","Harrity, Mead"
2018-11-28,Pair,2,2018-11-28:1,2,"Eble, Karwoski","Landboe, Reed"
2018-11-28,Pair,2,2018-11-28:1,11,"Landboe, Reed","Harrity, Mead"
2018-11-28,Pair,2,2018-11-28:1,13,"Eble, Karwoski","Harrity, Mead"
2018-11-28,Pair,2,2018-11-28:2,1,"Landboe, Reed","DiSanto, Peszek"
2018-11-28,Pair,2,2018-11-28:2,3,"DiSanto, Peszek","Eble, Karwoski"
2018-11-28,Pair,2,2018-11-28:2,1,"DiSanto, Peszek","Harrity, Mead"
2018-11-28,Pair,2,2018-11-28:2,4,"Landboe, Reed","Eble, Karwoski"
2018-11-28,Pair,2,2018-11-28:2,2,"Landboe, Reed","Harrity, Mead"
2018-11-28,Pair,2,2018-11-28:2,2,"Harrity, Mead","Eble, Karwoski"
2018-11-28,Pair,2,2018-11-28:3,10,"DiSanto, Peszek","Eble, Karwoski"
2018-11-28,Pair,2,2018-11-28:3,2,"DiSanto, Peszek","Harrity, Mead"
2018-11-28,Pair,2,2018-11-28:3,10,"Landboe, Reed","Eble, Karwoski"
2018-11-28,Pair,2,2018-11-28:3,2,"Landboe, Reed","Harrity, Mead"
2018-11-28,Pair,2,2018-11-28:3,8,"Harrity, Mead","Eble, Karwoski"
2018-11-30,Pair,2,2018-11-30:1,3,"Mead, Reed","DiSanto, Karwoski"
2018-11-30,Pair,2,2018-11-30:1,13,"Mead, Reed","Harrity, Landboe"
2018-11-30,Pair,2,2018-11-30:1,23,"Mead, Reed","Eble, Peszek"
2018-11-30,Pair,2,2018-11-30:1,10,"DiSanto, Karwoski","Harrity, Landboe"
2018-11-30,Pair,2,2018-11-30:1,20,"DiSanto, Karwoski","Eble, Peszek"
2018-11-30,Pair,2,2018-11-30:1,10,"Harrity, Landboe","Eble, Peszek"
2018-11-30,Pair,2,2018-11-30:2,4,"Mead, Reed","DiSanto, Karwoski"
2018-11-30,Pair,2,2018-11-30:2,14,"Mead, Reed","Harrity, Landboe"
2018-11-30,Pair,2,2018-11-30:2,25,"Mead, Reed","Eble, Peszek"
2018-11-30,Pair,2,2018-11-30:2,10,"DiSanto, Karwoski","Harrity, Landboe"
2018-11-30,Pair,2,2018-11-30:2,21,"DiSanto, Karwoski","Eble, Peszek"
2018-11-30,Pair,2,2018-11-30:2,11,"Harrity, Landboe","Eble, Peszek"
2018-11-30,Pair,2,2018-11-30:3,1,"Mead, Reed","DiSanto, Karwoski"
2018-11-30,Pair,2,2018-11-30:3,15,"Mead, Reed","Harrity, Landboe"
2018-11-30,Pair,2,2018-11-30:3,25,"Mead, Reed","Eble, Peszek"
2018-11-30,Pair,2,2018-11-30:3,14,"DiSanto, Karwoski","Harrity, Landboe"
2018-11-30,Pair,2,2018-11-30:3,24,"DiSanto, Karwoski","Eble, Peszek"
2018-11-30,Pair,2,2018-11-30:3,10,"Harrity, Landboe","Eble, Peszek"
2018-12-05,Four,4,2018-12-05:1,4,"DiSanto, Eble, Harrity, Reed","Landboe, Mead, Peszek, Richards"
2018-12-05,Four,4,2018-12-05:2,10,"DiSanto, Eble, Harrity, Reed","Landboe, Mead, Peszek, Richards"
2018-12-05,Four,4,2018-12-05:3,8,"DiSanto, Eble, Harrity, Reed","Landboe, Mead, Peszek, Richards"
2018-12-05,Pair,2,2018-12-05:1,20,"Clougher, Moffitt","Davis, Wallis"
2018-12-05,Pair,2,2018-12-05:1,20,"Davis, Wallis","Chance, Messner"
2018-12-05,Pair,2,2018-12-05:1,6,"Furey, Weiss","Davis, Wallis"
2018-12-05,Pair,2,2018-12-05:1,29,"Aghai, Stoep","Davis, Wallis"
2018-12-05,Pair,2,2018-12-05:1,40,"Clougher, Moffitt","Chance, Messner"
2018-12-05,Pair,2,2018-12-05:1,14,"Clougher, Moffitt","Furey, Weiss"
2018-12-05,Pair,2,2018-12-05:1,9,"Aghai, Stoep","Clougher, Moffitt"
2018-12-05,Pair,2,2018-12-05:1,26,"Furey, Weiss","Chance, Messner"
2018-12-05,Pair,2,2018-12-05:1,49,"Aghai, Stoep","Chance, Messner"
2018-12-05,Pair,2,2018-12-05:1,23,"Aghai, Stoep","Furey, Weiss"
2018-12-05,Pair,2,2018-12-05:2,19,"Clougher, Moffitt","Davis, Wallis"
2018-12-05,Pair,2,2018-12-05:2,13,"Davis, Wallis","Chance, Messner"
2018-12-05,Pair,2,2018-12-05:2,6,"Furey, Weiss","Davis, Wallis"
2018-12-05,Pair,2,2018-12-05:2,14,"Aghai, Stoep","Davis, Wallis"
2018-12-05,Pair,2,2018-12-05:2,32,"Clougher, Moffitt","Chance, Messner"
2018-12-05,Pair,2,2018-12-05:2,13,"Clougher, Moffitt","Furey, Weiss"
2018-12-05,Pair,2,2018-12-05:2,5,"Clougher, Moffitt","Aghai, Stoep"
2018-12-05,Pair,2,2018-12-05:2,19,"Furey, Weiss","Chance, Messner"
2018-12-05,Pair,2,2018-12-05:2,27,"Aghai, Stoep","Chance, Messner"
2018-12-05,Pair,2,2018-12-05:2,8,"Aghai, Stoep","Furey, Weiss"
2018-12-05,Pair,2,2018-12-05:3,1,"Clougher, Moffitt","Davis, Wallis"
2018-12-05,Pair,2,2018-12-05:3,70,"Davis, Wallis","Chance, Messner"
2018-12-05,Pair,2,2018-12-05:3,10,"Davis, Wallis","Furey, Weiss"
2018-12-05,Pair,2,2018-12-05:3,15,"Davis, Wallis","Aghai, Stoep"
2018-12-05,Pair,2,2018-12-05:3,71,"Clougher, Moffitt","Chance, Messner"
2018-12-05,Pair,2,2018-12-05:3,11,"Clougher, Moffitt","Furey, Weiss"
2018-12-05,Pair,2,2018-12-05:3,16,"Clougher, Moffitt","Aghai, Stoep"
2018-12-05,Pair,2,2018-12-05:3,60,"Furey, Weiss","Chance, Messner"
2018-12-05,Pair,2,2018-12-05:3,55,"Aghai, Stoep","Chance, Messner"
2018-12-05,Pair,2,2018-12-05:3,5,"Furey, Weiss","Aghai, Stoep"
2018-12-07,Four,4,2018-12-07:1,23,"DiSanto, Mead, Peszek, Reed","Eble, Harrity, Landboe, Richards"
2018-12-07,Four,4,2018-12-07:2,20,"DiSanto, Mead, Peszek, Reed","Eble, Harrity, Landboe, Richards"
2018-12-07,Four,4,2018-12-07:3,17,"DiSanto, Mead, Peszek, Reed","Eble, Harrity, Landboe, Richards"
2018-12-07,Pair,2,2018-12-07:1,32,"Clougher, Moffitt","Davis, Stoep"
2018-12-07,Pair,2,2018-12-07:1,31,"Clougher, Moffitt","Chance, Wallis"
2018-12-07,Pair,2,2018-12-07:1,12,"Furey, Moffitt","Davis, Stoep"
2018-12-07,Pair,2,2018-12-07:1,11,"Furey, Moffitt","Chance, Wallis"
2018-12-07,Pair,2,2018-12-07:1,1,"Chance, Wallis","Davis, Stoep"
2018-12-07,Pair,2,2018-12-07:2,2,"Clougher, Weiss","Furey, Moffitt"
2018-12-07,Pair,2,2018-12-07:2,28,"Clougher, Weiss","Davis, Stoep"
2018-12-07,Pair,2,2018-12-07:2,23,"Clougher, Weiss","Chance, Wallis"
2018-12-07,Pair,2,2018-12-07:2,26,"Furey, Moffitt","Davis, Stoep"
2018-12-07,Pair,2,2018-12-07:2,21,"Furey, Moffitt","Chance, Wallis"
2018-12-07,Pair,2,2018-12-07:2,5,"Chance, Wallis","Davis, Stoep"
2018-12-07,Pair,2,2018-12-07:3,6,"Clougher, Weiss","Furey, Moffitt"
2018-12-07,Pair,2,2018-12-07:3,32,"Clougher, Weiss","Davis, Stoep"
2018-12-07,Pair,2,2018-12-07:3,28,"Clougher, Weiss","Chance, Wallis"
2018-12-07,Pair,2,2018-12-07:3,26,"Furey, Moffitt","Davis, Stoep"
2018-12-07,Pair,2,2018-12-07:3,22,"Furey, Moffitt","Chance, Wallis"
2018-12-07,Pair,2,2018-12-07:3,4,"Chance, Wallis","Davis, Stoep"
2018-12-12,Four,4,2018-12-12:1,24,"Aghai, Clougher, Moffitt, Wallis","Furey, Landboe, Mead, Richards"
2018-12-12,Four,4,2018-12-12:1,19,"Dethlefs, Eble, Harrity, Peszek","Aghai, Clougher, Moffitt, Wallis"
2018-12-12,Four,4,2018-12-12:1,32,"DiSanto, Karwoski, Ochal, Reed","Aghai, Clougher, Moffitt, Wallis"
2018-12-12,Four,4,2018-12-12:1,6,"Aghai, Clougher, Moffitt, Wallis","Chance, Davis, Stoep, Weiss"
2018-12-12,Four,4,2018-12-12:1,43,"Dethlefs, Eble, Harrity, Peszek","Furey, Landboe, Mead, Richards"
2018-12-12,Four,4,2018-12-12:1,56,"DiSanto, Karwoski, Ochal, Reed","Furey, Landboe, Mead, Richards"
2018-12-12,Four,4,2018-12-12:1,18,"Chance, Davis, Stoep, Weiss","Furey, Landboe, Mead, Richards"
2018-12-12,Four,4,2018-12-12:1,13,"DiSanto, Karwoski, Ochal, Reed","Dethlefs, Eble, Harrity, Peszek"
2018-12-12,Four,4,2018-12-12:1,25,"Dethlefs, Eble, Harrity, Peszek","Chance, Davis, Stoep, Weiss"
2018-12-12,Four,4,2018-12-12:1,38,"DiSanto, Karwoski, Ochal, Reed","Chance, Davis, Stoep, Weiss"
2018-12-12,Four,4,2018-12-12:2,24,"Aghai, Clougher, Moffitt, Wallis","Furey, Landboe, Mead, Richards"
2018-12-12,Four,4,2018-12-12:2,96,"Aghai, Clougher, Moffitt, Wallis","Dethlefs, Eble, Harrity, Peszek"
2018-12-12,Four,4,2018-12-12:2,87,"Aghai, Clougher, Moffitt, Wallis","DiSanto, Karwoski, Ochal, Reed"
2018-12-12,Four,4,2018-12-12:2,130,"Aghai, Clougher, Moffitt, Wallis","Chance, Davis, Stoep, Weiss"
2018-12-12,Four,4,2018-12-12:2,72,"Furey, Landboe, Mead, Richards","Dethlefs, Eble, Harrity, Peszek"
2018-12-12,Four,4,2018-12-12:2,63,"Furey, Landboe, Mead, Richards","DiSanto, Karwoski, Ochal, Reed"
2018-12-12,Four,4,2018-12-12:2,106,"Furey, Landboe, Mead, Richards","Chance, Davis, Stoep, Weiss"
2018-12-12,Four,4,2018-12-12:2,9,"DiSanto, Karwoski, Ochal, Reed","Dethlefs, Eble, Harrity, Peszek"
2018-12-12,Four,4,2018-12-12:2,34,"Dethlefs, Eble, Harrity, Peszek","Chance, Davis, Stoep, Weiss"
2018-12-12,Four,4,2018-12-12:2,43,"DiSanto, Karwoski, Ochal, Reed","Chance, Davis, Stoep, Weiss"
2018-12-12,Four,4,2018-12-12:3,5,"Furey, Landboe, Mead, Richards","Aghai, Clougher, Moffitt, Wallis"
2018-12-12,Four,4,2018-12-12:3,21,"Dethlefs, Eble, Harrity, Peszek","Aghai, Clougher, Moffitt, Wallis"
2018-12-12,Four,4,2018-12-12:3,26,"DiSanto, Karwoski, Ochal, Reed","Aghai, Clougher, Moffitt, Wallis"
2018-12-12,Four,4,2018-12-12:3,15,"Chance, Davis, Stoep, Weiss","Aghai, Clougher, Moffitt, Wallis"
2018-12-12,Four,4,2018-12-12:3,16,"Dethlefs, Eble, Harrity, Peszek","Furey, Landboe, Mead, Richards"
2018-12-12,Four,4,2018-12-12:3,21,"DiSanto, Karwoski, Ochal, Reed","Furey, Landboe, Mead, Richards"
2018-12-12,Four,4,2018-12-12:3,10,"Chance, Davis, Stoep, Weiss","Furey, Landboe, Mead, Richards"
2018-12-12,Four,4,2018-12-12:3,5,"DiSanto, Karwoski, Ochal, Reed","Dethlefs, Eble, Harrity, Peszek"
2018-12-12,Four,4,2018-12-12:3,6,"Dethlefs, Eble, Harrity, Peszek","Chance, Davis, Stoep, Weiss"
2018-12-12,Four,4,2018-12-12:3,11,"DiSanto, Karwoski, Ochal, Reed","Chance, Davis, Stoep, Weiss"
2018-12-15,Four,4,2018-12-15:1,6,"Chance, Eble, Harrity, Messner","Furey, Mead, Richards, Stoep"
2018-12-15,Four,4,2018-12-15:2,12,"Chance, Eble, Harrity, Messner","Furey, Mead, Richards, Stoep"
2018-12-15,Four,4,2018-12-15:3,7,"Chance, Eble, Harrity, Stoep","Furey, Mead, Messner, Richards"
2018-12-15,Pair,2,2018-12-15:1,1,"DiSanto, Reed","Karwoski, Ochal"
2018-12-15,Pair,2,2018-12-15:1,4,"DiSanto, Reed","Dethlefs, Peszek"
2018-12-15,Pair,2,2018-12-15:1,15,"DiSanto, Reed","Clougher, Moffitt"
2018-12-15,Pair,2,2018-12-15:1,13,"DiSanto, Reed","Aghai, Landboe"
2018-12-15,Pair,2,2018-12-15:1,23,"DiSanto, Reed","Davis, Weiss"
2018-12-15,Pair,2,2018-12-15:1,3,"Karwoski, Ochal","Dethlefs, Peszek"
2018-12-15,Pair,2,2018-12-15:1,14,"Karwoski, Ochal","Clougher, Moffitt"
2018-12-15,Pair,2,2018-12-15:1,12,"Karwoski, Ochal","Aghai, Landboe"
2018-12-15,Pair,2,2018-12-15:1,22,"Karwoski, Ochal","Davis, Weiss"
2018-12-15,Pair,2,2018-12-15:1,11,"Dethlefs, Peszek","Clougher, Moffitt"
2018-12-15,Pair,2,2018-12-15:1,9,"Dethlefs, Peszek","Aghai, Landboe"
2018-12-15,Pair,2,2018-12-15:1,19,"Dethlefs, Peszek","Davis, Weiss"
2018-12-15,Pair,2,2018-12-15:1,2,"Aghai, Landboe","Clougher, Moffitt"
2018-12-15,Pair,2,2018-12-15:1,8,"Clougher, Moffitt","Davis, Weiss"
2018-12-15,Pair,2,2018-12-15:1,10,"Aghai, Landboe","Davis, Weiss"
2018-12-15,Pair,2,2018-12-15:2,42,"DiSanto, Reed","Karwoski, Ochal"
2018-12-15,Pair,2,2018-12-15:2,8,"DiSanto, Reed","Dethlefs, Peszek"
2018-12-15,Pair,2,2018-12-15:2,9,"DiSanto, Reed","Clougher, Moffitt"
2018-12-15,Pair,2,2018-12-15:2,35,"DiSanto, Reed","Aghai, Landboe"
2018-12-15,Pair,2,2018-12-15:2,14,"DiSanto, Reed","Davis, Weiss"
2018-12-15,Pair,2,2018-12-15:2,34,"Dethlefs, Peszek","Karwoski, Ochal"
2018-12-15,Pair,2,2018-12-15:2,33,"Clougher, Moffitt","Karwoski, Ochal"
2018-12-15,Pair,2,2018-12-15:2,7,"Aghai, Landboe","Karwoski, Ochal"
2018-12-15,Pair,2,2018-12-15:2,28,"Davis, Weiss","Karwoski, Ochal"
2018-12-15,Pair,2,2018-12-15:2,1,"Dethlefs, Peszek","Clougher, Moffitt"
2018-12-15,Pair,2,2018-12-15:2,27,"Dethlefs, Peszek","Aghai, Landboe"
2018-12-15,Pair,2,2018-12-15:2,6,"Dethlefs, Peszek","Davis, Weiss"
2018-12-15,Pair,2,2018-12-15:2,26,"Clougher, Moffitt","Aghai, Landboe"
2018-12-15,Pair,2,2018-12-15:2,5,"Clougher, Moffitt","Davis, Weiss"
2018-12-15,Pair,2,2018-12-15:2,21,"Davis, Weiss","Aghai, Landboe"
2018-12-15,Pair,2,2018-12-15:3,10,"DiSanto, Reed","Dethlefs, Peszek"
2018-12-15,Pair,2,2018-12-15:3,3,"DiSanto, Reed","Clougher, Moffitt"
2018-12-15,Pair,2,2018-12-15:3,6,"DiSanto, Reed","Aghai, Landboe"
2018-12-15,Pair,2,2018-12-15:3,12,"DiSanto, Reed","Davis, Weiss"
2018-12-15,Pair,2,2018-12-15:3,10,"Karwoski, Ochal","Dethlefs, Peszek"
2018-12-15,Pair,2,2018-12-15:3,3,"Karwoski, Ochal","Clougher, Moffitt"
2018-12-15,Pair,2,2018-12-15:3,6,"Karwoski, Ochal","Aghai, Landboe"
2018-12-15,Pair,2,2018-12-15:3,12,"Karwoski, Ochal","Davis, Weiss"
2018-12-15,Pair,2,2018-12-15:3,7,"Clougher, Moffitt","Dethlefs, Peszek"
2018-12-15,Pair,2,2018-12-15:3,4,"Aghai, Landboe","Dethlefs, Peszek"
2018-12-15,Pair,2,2018-12-15:3,2,"Dethlefs, Peszek","Davis, Weiss"
2018-12-15,Pair,2,2018-12-15:3,3,"Clougher, Moffitt","Aghai, Landboe"
2018-12-15,Pair,2,2018-12-15:3,9,"Clougher, Moffitt","Davis, Weiss"
2018-12-15,Pair,2,2018-12-15:3,6,"Aghai, Landboe","Davis, Weiss"
2018-12-19,Four,4,2018-12-19:1,2,"Aghai, DiSanto, Mead, Peszek","Eble, Karwoski, Reed, Weiss"
2018-12-19,Four,4,2018-12-19:2,4,"Aghai, DiSanto, Mead, Peszek","Eble, Karwoski, Reed, Weiss"
2018-12-19,Four,4,2018-12-19:3,6,"Aghai, DiSanto, Mead, Peszek","Eble, Karwoski, Reed, Weiss"
2018-12-19,Pair,2,2018-12-19:1,3,"Harrity, Wallis","Clougher, Moffitt"
2018-12-19,Pair,2,2018-12-19:1,44,"Harrity, Wallis","Davis, Messner"
2018-12-19,Pair,2,2018-12-19:1,11,"Harrity, Wallis","Landboe, Richards"
2018-12-19,Pair,2,2018-12-19:1,34,"Harrity, Wallis","Furey, Stoep"
2018-12-19,Pair,2,2018-12-19:1,62,"Harrity, Wallis","Chance, MB"
2018-12-19,Pair,2,2018-12-19:1,41,"Clougher, Moffitt","Davis, Messner"
2018-12-19,Pair,2,2018-12-19:1,8,"Clougher, Moffitt","Landboe, Richards"
2018-12-19,Pair,2,2018-12-19:1,31,"Clougher, Moffitt","Furey, Stoep"
2018-12-19,Pair,2,2018-12-19:1,59,"Clougher, Moffitt","Chance, MB"
2018-12-19,Pair,2,2018-12-19:1,33,"Landboe, Richards","Davis, Messner"
2018-12-19,Pair,2,2018-12-19:1,10,"Furey, Stoep","Davis, Messner"
2018-12-19,Pair,2,2018-12-19:1,18,"Davis, Messner","Chance, MB"
2018-12-19,Pair,2,2018-12-19:1,23,"Landboe, Richards","Furey, Stoep"
2018-12-19,Pair,2,2018-12-19:1,51,"Landboe, Richards","Chance, MB"
2018-12-19,Pair,2,2018-12-19:1,28,"Furey, Stoep","Chance, MB"
2018-12-19,Pair,2,2018-12-19:2,50,"Harrity, Wallis","Davis, Messner"
2018-12-19,Pair,2,2018-12-19:2,6,"Harrity, Wallis","Landboe, Richards"
2018-12-19,Pair,2,2018-12-19:2,28,"Harrity, Wallis","Furey, Stoep"
2018-12-19,Pair,2,2018-12-19:2,54,"Harrity, Wallis","Chance, MB"
2018-12-19,Pair,2,2018-12-19:2,50,"Clougher, Moffitt","Davis, Messner"
2018-12-19,Pair,2,2018-12-19:2,6,"Clougher, Moffitt","Landboe, Richards"
2018-12-19,Pair,2,2018-12-19:2,28,"Clougher, Moffitt","Furey, Stoep"
2018-12-19,Pair,2,2018-12-19:2,54,"Clougher, Moffitt","Chance, MB"
2018-12-19,Pair,2,2018-12-19:2,44,"Landboe, Richards","Davis, Messner"
2018-12-19,Pair,2,2018-12-19:2,22,"Furey, Stoep","Davis, Messner"
2018-12-19,Pair,2,2018-12-19:2,4,"Davis, Messner","Chance, MB"
2018-12-19,Pair,2,2018-12-19:2,22,"Landboe, Richards","Furey, Stoep"
2018-12-19,Pair,2,2018-12-19:2,48,"Landboe, Richards","Chance, MB"
2018-12-19,Pair,2,2018-12-19:2,26,"Furey, Stoep","Chance, MB"
2018-12-19,Pair,2,2018-12-19:3,5,"Clougher, Moffitt","Harrity, Wallis"
2018-12-19,Pair,2,2018-12-19:3,40,"Harrity, Wallis","Davis, Messner"
2018-12-19,Pair,2,2018-12-19:3,2,"Harrity, Wallis","Landboe, Richards"
2018-12-19,Pair,2,2018-12-19:3,27,"Harrity, Wallis","Furey, Stoep"
2018-12-19,Pair,2,2018-12-19:3,48,"Harrity, Wallis","Chance, MB"
2018-12-19,Pair,2,2018-12-19:3,45,"Clougher, Moffitt","Davis, Messner"
2018-12-19,Pair,2,2018-12-19:3,7,"Clougher, Moffitt","Landboe, Richards"
2018-12-19,Pair,2,2018-12-19:3,32,"Clougher, Moffitt","Furey, Stoep"
2018-12-19,Pair,2,2018-12-19:3,53,"Clougher, Moffitt","Chance, MB"
2018-12-19,Pair,2,2018-12-19:3,38,"Landboe, Richards","Davis, Messner"
2018-12-19,Pair,2,2018-12-19:3,13,"Furey, Stoep","Davis, Messner"
2018-12-19,Pair,2,2018-12-19:3,8,"Davis, Messner","Chance, MB"
2018-12-19,Pair,2,2018-12-19:3,25,"Landboe, Richards","Furey, Stoep"
2018-12-19,Pair,2,2018-12-19:3,46,"Landboe, Richards","Chance, MB"
2018-12-19,Pair,2,2018-12-19:3,21,"Furey, Stoep","Chance, MB"
2019-01-18,Pair,2,2019-01-18:1,11,"Karwoski, Mead","DiSanto, Harrity"
2019-01-18,Pair,2,2019-01-18:1,12,"DiSanto, Harrity","Clougher, Ochal"
2019-01-18,Pair,2,2019-01-18:1,14,"DiSanto, Harrity","Eble, Reed"
2019-01-18,Pair,2,2019-01-18:1,17,"DiSanto, Harrity","Dethlefs, Richards"
2019-01-18,Pair,2,2019-01-18:1,11,"Karwoski, Mead","Hack, Peszek"
2019-01-18,Pair,2,2019-01-18:1,23,"Karwoski, Mead","Clougher, Ochal"
2019-01-18,Pair,2,2019-01-18:1,25,"Karwoski, Mead","Eble, Reed"
2019-01-18,Pair,2,2019-01-18:1,28,"Karwoski, Mead","Dethlefs, Richards"
2019-01-18,Pair,2,2019-01-18:1,12,"Hack, Peszek","Clougher, Ochal"
2019-01-18,Pair,2,2019-01-18:1,14,"Hack, Peszek","Eble, Reed"
2019-01-18,Pair,2,2019-01-18:1,17,"Hack, Peszek","Dethlefs, Richards"
2019-01-18,Pair,2,2019-01-18:1,2,"Clougher, Ochal","Eble, Reed"
2019-01-18,Pair,2,2019-01-18:1,5,"Clougher, Ochal","Dethlefs, Richards"
2019-01-18,Pair,2,2019-01-18:1,3,"Eble, Reed","Dethlefs, Richards"
2019-01-18,Pair,2,2019-01-18:2,12,"Karwoski, Mead","DiSanto, Harrity"
2019-01-18,Pair,2,2019-01-18:2,1,"Hack, Peszek","DiSanto, Harrity"
2019-01-18,Pair,2,2019-01-18:2,13,"DiSanto, Harrity","Clougher, Ochal"
2019-01-18,Pair,2,2019-01-18:2,15,"DiSanto, Harrity","Eble, Reed"
2019-01-18,Pair,2,2019-01-18:2,11,"DiSanto, Harrity","Dethlefs, Richards"
2019-01-18,Pair,2,2019-01-18:2,11,"Karwoski, Mead","Hack, Peszek"
2019-01-18,Pair,2,2019-01-18:2,25,"Karwoski, Mead","Clougher, Ochal"
2019-01-18,Pair,2,2019-01-18:2,27,"Karwoski, Mead","Eble, Reed"
2019-01-18,Pair,2,2019-01-18:2,23,"Karwoski, Mead","Dethlefs, Richards"
2019-01-18,Pair,2,2019-01-18:2,14,"Hack, Peszek","Clougher, Ochal"
2019-01-18,Pair,2,2019-01-18:2,16,"Hack, Peszek","Eble, Reed"
2019-01-18,Pair,2,2019-01-18:2,12,"Hack, Peszek","Dethlefs, Richards"
2019-01-18,Pair,2,2019-01-18:2,2,"Clougher, Ochal","Eble, Reed"
2019-01-18,Pair,2,2019-01-18:2,2,"Dethlefs, Richards","Clougher, Ochal"
2019-01-18,Pair,2,2019-01-18:2,4,"Dethlefs, Richards","Eble, Reed"
2019-01-18,Pair,2,2019-01-18:3,14,"Karwoski, Mead","DiSanto, Harrity"
2019-01-18,Pair,2,2019-01-18:3,5,"Hack, Peszek","DiSanto, Harrity"
2019-01-18,Pair,2,2019-01-18:3,3,"Clougher, Ochal","DiSanto, Harrity"
2019-01-18,Pair,2,2019-01-18:3,7,"DiSanto, Harrity","Eble, Reed"
2019-01-18,Pair,2,2019-01-18:3,4,"DiSanto, Harrity","Dethlefs, Richards"
2019-01-18,Pair,2,2019-01-18:3,9,"Karwoski, Mead","Hack, Peszek"
2019-01-18,Pair,2,2019-01-18:3,11,"Karwoski, Mead","Clougher, Ochal"
2019-01-18,Pair,2,2019-01-18:3,21,"Karwoski, Mead","Eble, Reed"
2019-01-18,Pair,2,2019-01-18:3,18,"Karwoski, Mead","Dethlefs, Richards"
2019-01-18,Pair,2,2019-01-18:3,2,"Hack, Peszek","Clougher, Ochal"
2019-01-18,Pair,2,2019-01-18:3,12,"Hack, Peszek","Eble, Reed"
2019-01-18,Pair,2,2019-01-18:3,9,"Hack, Peszek","Dethlefs, Richards"
2019-01-18,Pair,2,2019-01-18:3,10,"Clougher, Ochal","Eble, Reed"
2019-01-18,Pair,2,2019-01-18:3,7,"Clougher, Ochal","Dethlefs, Richards"
2019-01-18,Pair,2,2019-01-18:3,3,"Dethlefs, Richards","Eble, Reed"
2019-01-23,Eight,8,2019-01-23:1,16,"Aghai, Dethlefs, DiSanto, Harrity, Mead, Moffitt, Peszek, Richards","Clougher, Eble, Furey, Hack, Karwoski, Ochal, Reed, Wallis"
2019-01-23,Eight,8,2019-01-23:2,12,"Aghai, Dethlefs, DiSanto, Harrity, Mead, Moffitt, Peszek, Richards","Clougher, Eble, Furey, Hack, Karwoski, Ochal, Reed, Wallis"
2019-01-25,Four,4,2019-01-25:1,18,"Clougher, Furey, Moffitt, Wallis","Chance, Davis, Landboe, Weiss"
2019-01-25,Four,4,2019-01-25:2,15,"Clougher, Furey, Moffitt, Wallis","Chance, Davis, Landboe, Weiss"
2019-01-25,Pair,2,2019-01-25:1,5,"Karwoski, Ochal","Dethlefs, Harrity"
2019-01-25,Pair,2,2019-01-25:1,8,"Karwoski, Ochal","Aghai, Hack"
2019-01-25,Pair,2,2019-01-25:1,9,"Karwoski, Ochal","Mead, Peszek"
2019-01-25,Pair,2,2019-01-25:1,20,"Karwoski, Ochal","DiSanto, Richards"
2019-01-25,Pair,2,2019-01-25:1,3,"Dethlefs, Harrity","Aghai, Hack"
2019-01-25,Pair,2,2019-01-25:1,4,"Dethlefs, Harrity","Mead, Peszek"
2019-01-25,Pair,2,2019-01-25:1,15,"Dethlefs, Harrity","DiSanto, Richards"
2019-01-25,Pair,2,2019-01-25:1,1,"Aghai, Hack","Mead, Peszek"
2019-01-25,Pair,2,2019-01-25:1,12,"Aghai, Hack","DiSanto, Richards"
2019-01-25,Pair,2,2019-01-25:1,11,"Mead, Peszek","DiSanto, Richards"
2019-01-25,Pair,2,2019-01-25:2,8,"Karwoski, Ochal","Dethlefs, Harrity"
2019-01-25,Pair,2,2019-01-25:2,1,"Mead, Peszek","Karwoski, Ochal"
2019-01-25,Pair,2,2019-01-25:2,10,"Karwoski, Ochal","DiSanto, Richards"
2019-01-25,Pair,2,2019-01-25:2,8,"Aghai, Hack","Dethlefs, Harrity"
2019-01-25,Pair,2,2019-01-25:2,9,"Mead, Peszek","Dethlefs, Harrity"
2019-01-25,Pair,2,2019-01-25:2,2,"Dethlefs, Harrity","DiSanto, Richards"
2019-01-25,Pair,2,2019-01-25:2,1,"Mead, Peszek","Aghai, Hack"
2019-01-25,Pair,2,2019-01-25:2,10,"Aghai, Hack","DiSanto, Richards"
2019-01-25,Pair,2,2019-01-25:2,11,"Mead, Peszek","DiSanto, Richards"
2019-01-26,Four,4,2019-01-26:1,9,"Clougher, Davis, Wallis, Weiss","Chance, Furey, Landboe, Moffitt"
2019-01-26,Four,4,2019-01-26:2,18,"Clougher, Davis, Wallis, Weiss","Chance, Furey, Landboe, Moffitt"
2019-01-26,Pair,2,2019-01-26:1,15,"Karwoski, Mead","DiSanto, Reed"
2019-01-26,Pair,2,2019-01-26:1,22,"Karwoski, Mead","Aghai, Dethlefs"
2019-01-26,Pair,2,2019-01-26:1,26,"Karwoski, Mead","Ochal, Peszek"
2019-01-26,Pair,2,2019-01-26:1,28,"Karwoski, Mead","Hack, Harrity"
2019-01-26,Pair,2,2019-01-26:1,7,"DiSanto, Reed","Aghai, Dethlefs"
2019-01-26,Pair,2,2019-01-26:1,11,"DiSanto, Reed","Ochal, Peszek"
2019-01-26,Pair,2,2019-01-26:1,13,"DiSanto, Reed","Hack, Harrity"
2019-01-26,Pair,2,2019-01-26:1,4,"Aghai, Dethlefs","Ochal, Peszek"
2019-01-26,Pair,2,2019-01-26:1,6,"Aghai, Dethlefs","Hack, Harrity"
2019-01-26,Pair,2,2019-01-26:1,2,"Ochal, Peszek","Hack, Harrity"
2019-01-26,Pair,2,2019-01-26:2,14,"Karwoski, Mead","DiSanto, Reed"
2019-01-26,Pair,2,2019-01-26:2,22,"Karwoski, Mead","Aghai, Dethlefs"
2019-01-26,Pair,2,2019-01-26:2,16,"Karwoski, Mead","Ochal, Peszek"
2019-01-26,Pair,2,2019-01-26:2,28,"Karwoski, Mead","Hack, Harrity"
2019-01-26,Pair,2,2019-01-26:2,8,"DiSanto, Reed","Aghai, Dethlefs"
2019-01-26,Pair,2,2019-01-26:2,2,"DiSanto, Reed","Ochal, Peszek"
2019-01-26,Pair,2,2019-01-26:2,14,"DiSanto, Reed","Hack, Harrity"
2019-01-26,Pair,2,2019-01-26:2,6,"Ochal, Peszek","Aghai, Dethlefs"
2019-01-26,Pair,2,2019-01-26:2,6,"Aghai, Dethlefs","Hack, Harrity"
2019-01-26,Pair,2,2019-01-26:2,12,"Ochal, Peszek","Hack, Harrity"
2019-01-27,Four,4,2019-01-27:1,1,"Dethlefs, DiSanto, Harrity, Reed","Karwoski, Mead, Ochal, Peszek"
2019-01-27,Four,4,2019-01-27:1,2,"Karwoski, Mead, Ochal, Peszek","Aghai, Hack, Moffitt, Richards"
2019-01-27,Four,4,2019-01-27:1,3,"Dethlefs, DiSanto, Harrity, Reed","Aghai, Hack, Moffitt, Richards"
2019-01-27,Four,4,2019-01-27:2,2,"Karwoski, Mead, Ochal, Peszek","Dethlefs, DiSanto, Harrity, Reed"
2019-01-27,Four,4,2019-01-27:2,6,"Karwoski, Mead, Ochal, Peszek","Aghai, Hack, Moffitt, Richards"
2019-01-27,Four,4,2019-01-27:2,4,"Dethlefs, DiSanto, Harrity, Reed","Aghai, Hack, Moffitt, Richards"
2019-01-27,Four,4,2019-01-27:3,5,"Karwoski, Mead, Ochal, Peszek","Dethlefs, DiSanto, Harrity, Reed"
2019-01-27,Four,4,2019-01-27:3,6,"Karwoski, Mead, Ochal, Peszek","Aghai, Hack, Moffitt, Richards"
2019-01-27,Four,4,2019-01-27:3,1,"Dethlefs, DiSanto, Harrity, Reed","Aghai, Hack, Moffitt, Richards"
2019-01-27,Pair,2,2019-01-27:1,11,"Clougher, Weiss","Davis, Landboe"
2019-01-27,Pair,2,2019-01-27:1,14,"Clougher, Weiss","Furey, Wallis"
2019-01-27,Pair,2,2019-01-27:1,3,"Davis, Landboe","Furey, Wallis"
2019-01-27,Pair,2,2019-01-27:2,9,"Clougher, Weiss","Davis, Landboe"
2019-01-27,Pair,2,2019-01-27:2,14,"Clougher, Weiss","Furey, Wallis"
2019-01-27,Pair,2,2019-01-27:2,5,"Davis, Landboe","Furey, Wallis"
2019-01-27,Pair,2,2019-01-27:3,9,"Clougher, Weiss","Davis, Landboe"
2019-01-27,Pair,2,2019-01-27:3,10,"Clougher, Weiss","Furey, Wallis"
2019-01-27,Pair,2,2019-01-27:3,1,"Davis, Landboe","Furey, Wallis"
2019-02-06,Pair,2,2019-02-06:1,2,"Karwoski, Mead","DiSanto, Reed"
2019-02-06,Pair,2,2019-02-06:1,3,"Karwoski, Mead","Hack, Peszek"
2019-02-06,Pair,2,2019-02-06:1,7,"Karwoski, Mead","Dethlefs, Harrity"
2019-02-06,Pair,2,2019-02-06:1,20,"Karwoski, Mead","Clougher, Wallis"
2019-02-06,Pair,2,2019-02-06:1,22,"Karwoski, Mead","Moffitt, Richards"
2019-02-06,Pair,2,2019-02-06:1,32,"Karwoski, Mead","Furey, Weiss"
2019-02-06,Pair,2,2019-02-06:1,1,"DiSanto, Reed","Hack, Peszek"
2019-02-06,Pair,2,2019-02-06:1,5,"DiSanto, Reed","Dethlefs, Harrity"
2019-02-06,Pair,2,2019-02-06:1,18,"DiSanto, Reed","Clougher, Wallis"
2019-02-06,Pair,2,2019-02-06:1,20,"DiSanto, Reed","Moffitt, Richards"
2019-02-06,Pair,2,2019-02-06:1,30,"DiSanto, Reed","Furey, Weiss"
2019-02-06,Pair,2,2019-02-06:1,4,"Hack, Peszek","Dethlefs, Harrity"
2019-02-06,Pair,2,2019-02-06:1,17,"Hack, Peszek","Clougher, Wallis"
2019-02-06,Pair,2,2019-02-06:1,19,"Hack, Peszek","Moffitt, Richards"
2019-02-06,Pair,2,2019-02-06:1,29,"Hack, Peszek","Furey, Weiss"
2019-02-06,Pair,2,2019-02-06:1,13,"Dethlefs, Harrity","Clougher, Wallis"
2019-02-06,Pair,2,2019-02-06:1,15,"Dethlefs, Harrity","Moffitt, Richards"
2019-02-06,Pair,2,2019-02-06:1,25,"Dethlefs, Harrity","Furey, Weiss"
2019-02-06,Pair,2,2019-02-06:1,2,"Clougher, Wallis","Moffitt, Richards"
2019-02-06,Pair,2,2019-02-06:1,12,"Clougher, Wallis","Furey, Weiss"
2019-02-06,Pair,2,2019-02-06:1,10,"Moffitt, Richards","Furey, Weiss"
2019-02-06,Pair,2,2019-02-06:2,7,"Karwoski, Mead","DiSanto, Reed"
2019-02-06,Pair,2,2019-02-06:2,5,"Karwoski, Mead","Hack, Peszek"
2019-02-06,Pair,2,2019-02-06:2,14,"Karwoski, Mead","Dethlefs, Harrity"
2019-02-06,Pair,2,2019-02-06:2,26,"Karwoski, Mead","Clougher, Wallis"
2019-02-06,Pair,2,2019-02-06:2,19,"Karwoski, Mead","Moffitt, Richards"
2019-02-06,Pair,2,2019-02-06:2,29,"Karwoski, Mead","Furey, Weiss"
2019-02-06,Pair,2,2019-02-06:2,2,"Hack, Peszek","DiSanto, Reed"
2019-02-06,Pair,2,2019-02-06:2,7,"DiSanto, Reed","Dethlefs, Harrity"
2019-02-06,Pair,2,2019-02-06:2,19,"DiSanto, Reed","Clougher, Wallis"
2019-02-06,Pair,2,2019-02-06:2,12,"DiSanto, Reed","Moffitt, Richards"
2019-02-06,Pair,2,2019-02-06:2,22,"DiSanto, Reed","Furey, Weiss"
2019-02-06,Pair,2,2019-02-06:2,9,"Hack, Peszek","Dethlefs, Harrity"
2019-02-06,Pair,2,2019-02-06:2,21,"Hack, Peszek","Clougher, Wallis"
2019-02-06,Pair,2,2019-02-06:2,14,"Hack, Peszek","Moffitt, Richards"
2019-02-06,Pair,2,2019-02-06:2,24,"Hack, Peszek","Furey, Weiss"
2019-02-06,Pair,2,2019-02-06:2,12,"Dethlefs, Harrity","Clougher, Wallis"
2019-02-06,Pair,2,2019-02-06:2,5,"Dethlefs, Harrity","Moffitt, Richards"
2019-02-06,Pair,2,2019-02-06:2,15,"Dethlefs, Harrity","Furey, Weiss"
2019-02-06,Pair,2,2019-02-06:2,7,"Moffitt, Richards","Clougher, Wallis"
2019-02-06,Pair,2,2019-02-06:2,3,"Clougher, Wallis","Furey, Weiss"
2019-02-06,Pair,2,2019-02-06:2,10,"Moffitt, Richards","Furey, Weiss"
2019-02-06,Pair,2,2019-02-06:3,15,"Karwoski, Mead","DiSanto, Reed"
2019-02-06,Pair,2,2019-02-06:3,10,"Karwoski, Mead","Hack, Peszek"
2019-02-06,Pair,2,2019-02-06:3,10,"Karwoski, Mead","Dethlefs, Harrity"
2019-02-06,Pair,2,2019-02-06:3,32,"Karwoski, Mead","Clougher, Wallis"
2019-02-06,Pair,2,2019-02-06:3,22,"Karwoski, Mead","Moffitt, Richards"
2019-02-06,Pair,2,2019-02-06:3,34,"Karwoski, Mead","Furey, Weiss"
2019-02-06,Pair,2,2019-02-06:3,5,"Hack, Peszek","DiSanto, Reed"
2019-02-06,Pair,2,2019-02-06:3,5,"Dethlefs, Harrity","DiSanto, Reed"
2019-02-06,Pair,2,2019-02-06:3,17,"DiSanto, Reed","Clougher, Wallis"
2019-02-06,Pair,2,2019-02-06:3,7,"DiSanto, Reed","Moffitt, Richards"
2019-02-06,Pair,2,2019-02-06:3,19,"DiSanto, Reed","Furey, Weiss"
2019-02-06,Pair,2,2019-02-06:3,22,"Hack, Peszek","Clougher, Wallis"
2019-02-06,Pair,2,2019-02-06:3,12,"Hack, Peszek","Moffitt, Richards"
2019-02-06,Pair,2,2019-02-06:3,24,"Hack, Peszek","Furey, Weiss"
2019-02-06,Pair,2,2019-02-06:3,22,"Dethlefs, Harrity","Clougher, Wallis"
2019-02-06,Pair,2,2019-02-06:3,12,"Dethlefs, Harrity","Moffitt, Richards"
2019-02-06,Pair,2,2019-02-06:3,24,"Dethlefs, Harrity","Furey, Weiss"
2019-02-06,Pair,2,2019-02-06:3,10,"Moffitt, Richards","Clougher, Wallis"
2019-02-06,Pair,2,2019-02-06:3,2,"Clougher, Wallis","Furey, Weiss"
2019-02-06,Pair,2,2019-02-06:3,12,"Moffitt, Richards","Furey, Weiss"
2019-02-20,Four,4,2019-02-20:1,8,"Clougher, Furey, Landboe, Weiss","Chance, Eble, MB, Moffitt"
2019-02-20,Four,4,2019-02-20:2,18,"Clougher, Furey, Landboe, Weiss","Chance, Eble, MB, Moffitt"
2019-02-20,Four,4,2019-02-20:3,18,"Clougher, Furey, Landboe, Weiss","Chance, Eble, MB, Moffitt"
2019-02-20,Pair,2,2019-02-20:1,7,"DiSanto, Karwoski","Mead, Peszek"
2019-02-20,Pair,2,2019-02-20:1,6,"DiSanto, Karwoski","Dethlefs, Harrity"
2019-02-20,Pair,2,2019-02-20:1,18,"DiSanto, Karwoski","Hack, Reed"
2019-02-20,Pair,2,2019-02-20:1,46,"DiSanto, Karwoski","Richards, Wallis"
2019-02-20,Pair,2,2019-02-20:1,37,"DiSanto, Karwoski","Aghai, Ochal"
2019-02-20,Pair,2,2019-02-20:1,1,"Dethlefs, Harrity","Mead, Peszek"
2019-02-20,Pair,2,2019-02-20:1,11,"Mead, Peszek","Hack, Reed"
2019-02-20,Pair,2,2019-02-20:1,39,"Mead, Peszek","Richards, Wallis"
2019-02-20,Pair,2,2019-02-20:1,30,"Mead, Peszek","Aghai, Ochal"
2019-02-20,Pair,2,2019-02-20:1,12,"Dethlefs, Harrity","Hack, Reed"
2019-02-20,Pair,2,2019-02-20:1,40,"Dethlefs, Harrity","Richards, Wallis"
2019-02-20,Pair,2,2019-02-20:1,31,"Dethlefs, Harrity","Aghai, Ochal"
2019-02-20,Pair,2,2019-02-20:1,28,"Hack, Reed","Richards, Wallis"
2019-02-20,Pair,2,2019-02-20:1,19,"Hack, Reed","Aghai, Ochal"
2019-02-20,Pair,2,2019-02-20:1,9,"Aghai, Ochal","Richards, Wallis"
2019-02-20,Pair,2,2019-02-20:2,8,"DiSanto, Karwoski","Mead, Peszek"
2019-02-20,Pair,2,2019-02-20:2,11,"DiSanto, Karwoski","Dethlefs, Harrity"
2019-02-20,Pair,2,2019-02-20:2,13,"DiSanto, Karwoski","Hack, Reed"
2019-02-20,Pair,2,2019-02-20:2,14,"DiSanto, Karwoski","Richards, Wallis"
2019-02-20,Pair,2,2019-02-20:2,24,"DiSanto, Karwoski","Aghai, Ochal"
2019-02-20,Pair,2,2019-02-20:2,3,"Mead, Peszek","Dethlefs, Harrity"
2019-02-20,Pair,2,2019-02-20:2,5,"Mead, Peszek","Hack, Reed"
2019-02-20,Pair,2,2019-02-20:2,6,"Mead, Peszek","Richards, Wallis"
2019-02-20,Pair,2,2019-02-20:2,16,"Mead, Peszek","Aghai, Ochal"
2019-02-20,Pair,2,2019-02-20:2,2,"Dethlefs, Harrity","Hack, Reed"
2019-02-20,Pair,2,2019-02-20:2,3,"Dethlefs, Harrity","Richards, Wallis"
2019-02-20,Pair,2,2019-02-20:2,13,"Dethlefs, Harrity","Aghai, Ochal"
2019-02-20,Pair,2,2019-02-20:2,1,"Hack, Reed","Richards, Wallis"
2019-02-20,Pair,2,2019-02-20:2,11,"Hack, Reed","Aghai, Ochal"
2019-02-20,Pair,2,2019-02-20:2,10,"Richards, Wallis","Aghai, Ochal"
2019-02-20,Pair,2,2019-02-20:3,6,"DiSanto, Karwoski","Mead, Peszek"
2019-02-20,Pair,2,2019-02-20:3,19,"DiSanto, Karwoski","Dethlefs, Harrity"
2019-02-20,Pair,2,2019-02-20:3,20,"DiSanto, Karwoski","Hack, Reed"
2019-02-20,Pair,2,2019-02-20:3,14,"DiSanto, Karwoski","Richards, Wallis"
2019-02-20,Pair,2,2019-02-20:3,36,"DiSanto, Karwoski","Aghai, Ochal"
2019-02-20,Pair,2,2019-02-20:3,13,"Mead, Peszek","Dethlefs, Harrity"
2019-02-20,Pair,2,2019-02-20:3,14,"Mead, Peszek","Hack, Reed"
2019-02-20,Pair,2,2019-02-20:3,8,"Mead, Peszek","Richards, Wallis"
2019-02-20,Pair,2,2019-02-20:3,30,"Mead, Peszek","Aghai, Ochal"
2019-02-20,Pair,2,2019-02-20:3,1,"Dethlefs, Harrity","Hack, Reed"
2019-02-20,Pair,2,2019-02-20:3,5,"Richards, Wallis","Dethlefs, Harrity"
2019-02-20,Pair,2,2019-02-20:3,17,"Dethlefs, Harrity","Aghai, Ochal"
2019-02-20,Pair,2,2019-02-20:3,6,"Richards, Wallis","Hack, Reed"
2019-02-20,Pair,2,2019-02-20:3,16,"Hack, Reed","Aghai, Ochal"
2019-02-20,Pair,2,2019-02-20:3,22,"Richards, Wallis","Aghai, Ochal"
2019-02-27,Four,4,2019-02-27:1,10,"DiSanto, Karwoski, Mead, Peszek","Aghai, Eble, Furey, Weiss"
2019-02-27,Four,4,2019-02-27:2,22,"DiSanto, Karwoski, Mead, Peszek","Aghai, Eble, Furey, Weiss"
2019-03-03,Eight,8,2019-03-03:1,9.9,"Chance, Corrigan, Dethlefs, Hack, Harrity, Karwoski, Mead, Reed","Aghai, Dean, Eble, MB, Peszek, Richards, Wallis, Weil"
2019-03-03,Eight,8,2019-03-03:2,15.3,"Chance, Corrigan, Dethlefs, Hack, Harrity, Karwoski, Mead, Reed","Aghai, Dean, Eble, MB, Peszek, Richards, Wallis, Weil"
2019-03-03,Eight,8,2019-03-03:3,3,"Chance, Corrigan, Dethlefs, Hack, Harrity, Karwoski, Mead, Reed","Aghai, Dean, Eble, MB, Peszek, Richards, Wallis, Weil"
2019-03-03,Pair,2,2019-03-03:1,4.2,"Clougher, Weiss","Davis, Landboe"
2019-03-03,Pair,2,2019-03-03:1,10.1,"Clougher, Weiss","Furey, Moffitt"
2019-03-03,Pair,2,2019-03-03:1,5.9,"Davis, Landboe","Furey, Moffitt"
2019-03-03,Pair,2,2019-03-03:2,2.5,"Clougher, Weiss","Davis, Landboe"
2019-03-03,Pair,2,2019-03-03:2,10.6,"Clougher, Weiss","Furey, Moffitt"
2019-03-03,Pair,2,2019-03-03:2,8.1,"Davis, Landboe","Furey, Moffitt"
2019-03-06,Pair,2,2019-03-06:1,9,"DiSanto, Karwoski","Hack, Reed"
2019-03-06,Pair,2,2019-03-06:1,10,"DiSanto, Karwoski","Dethlefs, Harrity"
2019-03-06,Pair,2,2019-03-06:1,15,"DiSanto, Karwoski","Mead, Peszek"
2019-03-06,Pair,2,2019-03-06:1,43,"DiSanto, Karwoski","Aghai, Eble"
2019-03-06,Pair,2,2019-03-06:1,32,"DiSanto, Karwoski","Furey, Weiss"
2019-03-06,Pair,2,2019-03-06:1,1,"Hack, Reed","Dethlefs, Harrity"
2019-03-06,Pair,2,2019-03-06:1,6,"Hack, Reed","Mead, Peszek"
2019-03-06,Pair,2,2019-03-06:1,34,"Hack, Reed","Aghai, Eble"
2019-03-06,Pair,2,2019-03-06:1,23,"Hack, Reed","Furey, Weiss"
2019-03-06,Pair,2,2019-03-06:1,5,"Dethlefs, Harrity","Mead, Peszek"
2019-03-06,Pair,2,2019-03-06:1,33,"Dethlefs, Harrity","Aghai, Eble"
2019-03-06,Pair,2,2019-03-06:1,22,"Dethlefs, Harrity","Furey, Weiss"
2019-03-06,Pair,2,2019-03-06:1,28,"Mead, Peszek","Aghai, Eble"
2019-03-06,Pair,2,2019-03-06:1,17,"Mead, Peszek","Furey, Weiss"
2019-03-06,Pair,2,2019-03-06:1,11,"Furey, Weiss","Aghai, Eble"
2019-03-06,Pair,2,2019-03-06:2,3,"DiSanto, Karwoski","Hack, Reed"
2019-03-06,Pair,2,2019-03-06:2,8,"DiSanto, Karwoski","Dethlefs, Harrity"
2019-03-06,Pair,2,2019-03-06:2,5,"DiSanto, Karwoski","Mead, Peszek"
2019-03-06,Pair,2,2019-03-06:2,34,"DiSanto, Karwoski","Aghai, Eble"
2019-03-06,Pair,2,2019-03-06:2,19,"DiSanto, Karwoski","Furey, Weiss"
2019-03-06,Pair,2,2019-03-06:2,5,"Hack, Reed","Dethlefs, Harrity"
2019-03-06,Pair,2,2019-03-06:2,2,"Hack, Reed","Mead, Peszek"
2019-03-06,Pair,2,2019-03-06:2,31,"Hack, Reed","Aghai, Eble"
2019-03-06,Pair,2,2019-03-06:2,16,"Hack, Reed","Furey, Weiss"
2019-03-06,Pair,2,2019-03-06:2,3,"Mead, Peszek","Dethlefs, Harrity"
2019-03-06,Pair,2,2019-03-06:2,26,"Dethlefs, Harrity","Aghai, Eble"
2019-03-06,Pair,2,2019-03-06:2,11,"Dethlefs, Harrity","Furey, Weiss"
2019-03-06,Pair,2,2019-03-06:2,29,"Mead, Peszek","Aghai, Eble"
2019-03-06,Pair,2,2019-03-06:2,14,"Mead, Peszek","Furey, Weiss"
2019-03-06,Pair,2,2019-03-06:2,15,"Furey, Weiss","Aghai, Eble"
2019-03-06,Pair,2,2019-03-06:3,8,"DiSanto, Karwoski","Hack, Reed"
2019-03-06,Pair,2,2019-03-06:3,4,"DiSanto, Karwoski","Dethlefs, Harrity"
2019-03-06,Pair,2,2019-03-06:3,7,"DiSanto, Karwoski","Mead, Peszek"
2019-03-06,Pair,2,2019-03-06:3,40,"DiSanto, Karwoski","Aghai, Eble"
2019-03-06,Pair,2,2019-03-06:3,26,"DiSanto, Karwoski","Furey, Weiss"
2019-03-06,Pair,2,2019-03-06:3,4,"Dethlefs, Harrity","Hack, Reed"
2019-03-06,Pair,2,2019-03-06:3,1,"Mead, Peszek","Hack, Reed"
2019-03-06,Pair,2,2019-03-06:3,32,"Hack, Reed","Aghai, Eble"
2019-03-06,Pair,2,2019-03-06:3,18,"Hack, Reed","Furey, Weiss"
2019-03-06,Pair,2,2019-03-06:3,3,"Dethlefs, Harrity","Mead, Peszek"
2019-03-06,Pair,2,2019-03-06:3,36,"Dethlefs, Harrity","Aghai, Eble"
2019-03-06,Pair,2,2019-03-06:3,22,"Dethlefs, Harrity","Furey, Weiss"
2019-03-06,Pair,2,2019-03-06:3,33,"Mead, Peszek","Aghai, Eble"
2019-03-06,Pair,2,2019-03-06:3,19,"Mead, Peszek","Furey, Weiss"
2019-03-06,Pair,2,2019-03-06:3,14,"Furey, Weiss","Aghai, Eble"
2019-03-06,Pair,2,2019-03-06:4,6,"Richards, Wallis","Clougher, Landboe"
2019-03-06,Pair,2,2019-03-06:4,28,"Richards, Wallis","MB, Moffitt"
2019-03-06,Pair,2,2019-03-06:4,22,"Clougher, Landboe","MB, Moffitt"
2019-03-06,Pair,2,2019-03-06:5,10,"Richards, Wallis","Clougher, Landboe"
2019-03-06,Pair,2,2019-03-06:5,17,"Richards, Wallis","MB, Moffitt"
2019-03-06,Pair,2,2019-03-06:5,7,"Clougher, Landboe","MB, Moffitt"
2019-03-06,Pair,2,2019-03-06:6,26,"Richards, Wallis","Clougher, Landboe"
2019-03-06,Pair,2,2019-03-06:6,32,"Richards, Wallis","MB, Moffitt"
2019-03-06,Pair,2,2019-03-06:6,6,"Clougher, Landboe","MB, Moffitt"
2019-03-15,Pair,2,2019-03-15:1,4,"Dethlefs, Harrity","DiSanto, Reed"
2019-03-15,Pair,2,2019-03-15:1,1,"Hack, Karwoski","DiSanto, Reed"
2019-03-15,Pair,2,2019-03-15:1,3,"DiSanto, Reed","Mead, Peszek"
2019-03-15,Pair,2,2019-03-15:1,38,"DiSanto, Reed","Furey, Landboe"
2019-03-15,Pair,2,2019-03-15:1,14,"DiSanto, Reed","Aghai, Weiss"
2019-03-15,Pair,2,2019-03-15:1,3,"Dethlefs, Harrity","Hack, Karwoski"
2019-03-15,Pair,2,2019-03-15:1,7,"Dethlefs, Harrity","Mead, Peszek"
2019-03-15,Pair,2,2019-03-15:1,42,"Dethlefs, Harrity","Furey, Landboe"
2019-03-15,Pair,2,2019-03-15:1,18,"Dethlefs, Harrity","Aghai, Weiss"
2019-03-15,Pair,2,2019-03-15:1,4,"Hack, Karwoski","Mead, Peszek"
2019-03-15,Pair,2,2019-03-15:1,39,"Hack, Karwoski","Furey, Landboe"
2019-03-15,Pair,2,2019-03-15:1,15,"Hack, Karwoski","Aghai, Weiss"
2019-03-15,Pair,2,2019-03-15:1,35,"Mead, Peszek","Furey, Landboe"
2019-03-15,Pair,2,2019-03-15:1,11,"Mead, Peszek","Aghai, Weiss"
2019-03-15,Pair,2,2019-03-15:1,24,"Aghai, Weiss","Furey, Landboe"
2019-03-15,Pair,2,2019-03-15:2,7,"Dethlefs, Harrity","DiSanto, Reed"
2019-03-15,Pair,2,2019-03-15:2,14,"Hack, Karwoski","DiSanto, Reed"
2019-03-15,Pair,2,2019-03-15:2,10,"Mead, Peszek","DiSanto, Reed"
2019-03-15,Pair,2,2019-03-15:2,25,"DiSanto, Reed","Furey, Landboe"
2019-03-15,Pair,2,2019-03-15:2,10,"DiSanto, Reed","Aghai, Weiss"
2019-03-15,Pair,2,2019-03-15:2,7,"Hack, Karwoski","Dethlefs, Harrity"
2019-03-15,Pair,2,2019-03-15:2,3,"Mead, Peszek","Dethlefs, Harrity"
2019-03-15,Pair,2,2019-03-15:2,32,"Dethlefs, Harrity","Furey, Landboe"
2019-03-15,Pair,2,2019-03-15:2,17,"Dethlefs, Harrity","Aghai, Weiss"
2019-03-15,Pair,2,2019-03-15:2,4,"Hack, Karwoski","Mead, Peszek"
2019-03-15,Pair,2,2019-03-15:2,39,"Hack, Karwoski","Furey, Landboe"
2019-03-15,Pair,2,2019-03-15:2,24,"Hack, Karwoski","Aghai, Weiss"
2019-03-15,Pair,2,2019-03-15:2,35,"Mead, Peszek","Furey, Landboe"
2019-03-15,Pair,2,2019-03-15:2,20,"Mead, Peszek","Aghai, Weiss"
2019-03-15,Pair,2,2019-03-15:2,15,"Aghai, Weiss","Furey, Landboe"
2019-03-15,Pair,2,2019-03-15:3,4.6,"Clougher, Moffitt","Richards, Wallis"
2019-03-15,Pair,2,2019-03-15:4,2.2,"Clougher, Moffitt","Richards, Wallis"
2019-03-15,Pair,2,2019-03-15:5,0.1,"Clougher, Moffitt","Richards, Wallis"
2019-04-03,Four,4,2019-04-03:1,6,"Dethlefs, DiSanto, Harrity, Reed","Hack, Karwoski, Mead, Peszek"
2019-04-03,Four,4,2019-04-03:1,18,"Dethlefs, DiSanto, Harrity, Reed","Aghai, Eble, Moffitt, Richards"
2019-04-03,Four,4,2019-04-03:1,12,"Hack, Karwoski, Mead, Peszek","Aghai, Eble, Moffitt, Richards"
2019-04-03,Four,4,2019-04-03:2,3,"Dethlefs, DiSanto, Harrity, Reed","Hack, Karwoski, Mead, Peszek"
2019-04-03,Four,4,2019-04-03:2,21,"Dethlefs, DiSanto, Harrity, Reed","Aghai, Eble, Moffitt, Richards"
2019-04-03,Four,4,2019-04-03:2,18,"Hack, Karwoski, Mead, Peszek","Aghai, Eble, Moffitt, Richards"
2019-04-03,Four,4,2019-04-03:3,4,"Hack, Karwoski, Mead, Peszek","Dethlefs, DiSanto, Harrity, Reed"
2019-04-03,Four,4,2019-04-03:3,33,"Dethlefs, DiSanto, Harrity, Reed","Aghai, Eble, Moffitt, Richards"
2019-04-03,Four,4,2019-04-03:3,37,"Hack, Karwoski, Mead, Peszek","Aghai, Eble, Moffitt, Richards"
2019-04-03,Pair,2,2019-04-03:1,7,"Clougher, Weiss","Carlson, Landboe"
2019-04-03,Pair,2,2019-04-03:1,12,"Clougher, Weiss","Furey, Wallis"
2019-04-03,Pair,2,2019-04-03:1,5,"Carlson, Landboe","Furey, Wallis"
2019-04-03,Pair,2,2019-04-03:2,5,"Carlson, Landboe","Clougher, Weiss"
2019-04-03,Pair,2,2019-04-03:2,3,"Clougher, Weiss","Furey, Wallis"
2019-04-03,Pair,2,2019-04-03:2,8,"Carlson, Landboe","Furey, Wallis"
2019-04-03,Pair,2,2019-04-03:3,9,"Clougher, Weiss","Furey, Wallis"
2019-04-03,Pair,2,2019-04-03:3,9,"Carlson, Landboe","Furey, Wallis"
2019-04-13,Four,4,2019-04-13:1,19,"DiSanto, Mead, Peszek, Reed","Aghai, Richards, Wallis, Weiss"
2019-04-13,Four,4,2019-04-13:1,19,"DiSanto, Mead, Peszek, Reed","Carlson, Clougher, Landboe, Moffitt"
2019-04-13,Four,4,2019-04-13:1,19,"Eble, Hack, Harrity, Karwoski","Aghai, Richards, Wallis, Weiss"
2019-04-13,Four,4,2019-04-13:1,19,"Eble, Hack, Harrity, Karwoski","Carlson, Clougher, Landboe, Moffitt"
2019-04-13,Four,4,2019-04-13:2,3,"DiSanto, Mead, Peszek, Reed","Eble, Hack, Harrity, Karwoski"
2019-04-13,Four,4,2019-04-13:2,19,"DiSanto, Mead, Peszek, Reed","Aghai, Richards, Wallis, Weiss"
2019-04-13,Four,4,2019-04-13:2,18,"DiSanto, Mead, Peszek, Reed","Carlson, Clougher, Landboe, Moffitt"
2019-04-13,Four,4,2019-04-13:2,16,"Eble, Hack, Harrity, Karwoski","Aghai, Richards, Wallis, Weiss"
2019-04-13,Four,4,2019-04-13:2,15,"Eble, Hack, Harrity, Karwoski","Carlson, Clougher, Landboe, Moffitt"
2019-04-13,Four,4,2019-04-13:2,1,"Carlson, Clougher, Landboe, Moffitt","Aghai, Richards, Wallis, Weiss"
2019-04-13,Four,4,2019-04-13:3,2,"DiSanto, Mead, Peszek, Reed","Eble, Hack, Harrity, Karwoski"
2019-04-13,Four,4,2019-04-13:3,10,"DiSanto, Mead, Peszek, Reed","Aghai, Richards, Wallis, Weiss"
2019-04-13,Four,4,2019-04-13:3,19,"DiSanto, Mead, Peszek, Reed","Carlson, Clougher, Landboe, Moffitt"
2019-04-13,Four,4,2019-04-13:3,8,"Eble, Hack, Harrity, Karwoski","Aghai, Richards, Wallis, Weiss"
2019-04-13,Four,4,2019-04-13:3,17,"Eble, Hack, Harrity, Karwoski","Carlson, Clougher, Landboe, Moffitt"
2019-04-13,Four,4,2019-04-13:3,9,"Aghai, Richards, Wallis, Weiss","Carlson, Clougher, Landboe, Moffitt"
2019-04-20,Eight,8,2019-04-20:1,6,"Aghai, Clougher, DiSanto, Harrity, Mead, Moffitt, Reed, Wallis","Carlson, Dethlefs, Eble, Flagg, Karwoski, Landboe, Richards, Weiss"
2019-04-20,Eight,8,2019-04-20:2,3,"Aghai, Clougher, DiSanto, Harrity, Mead, Moffitt, Reed, Wallis","Carlson, Dethlefs, Eble, Flagg, Karwoski, Landboe, Richards, Weiss"
2019-04-20,Eight,8,2019-04-20:3,4,"Aghai, Clougher, DiSanto, Harrity, Landboe, Mead, Reed, Wallis","Carlson, Dethlefs, Eble, Flagg, Karwoski, Moffitt, Richards, Weiss"
2019-04-27,Four,4,2019-04-27:1,2,"Dethlefs, Hack, Harrity, Karwoski","DiSanto, Mead, Peszek, Reed"
2019-04-27,Four,4,2019-04-27:1,6,"DiSanto, Mead, Peszek, Reed","Carlson, Richards, Wallis, Weiss"
2019-04-27,Four,4,2019-04-27:1,6,"DiSanto, Mead, Peszek, Reed","Aghai, Eble, Rummel, Weil"
2019-04-27,Four,4,2019-04-27:1,8,"Dethlefs, Hack, Harrity, Karwoski","Carlson, Richards, Wallis, Weiss"
2019-04-27,Four,4,2019-04-27:1,8,"Dethlefs, Hack, Harrity, Karwoski","Aghai, Eble, Rummel, Weil"
2019-04-27,Four,4,2019-04-27:2,9,"DiSanto, Mead, Peszek, Reed","Dethlefs, Hack, Harrity, Karwoski"
2019-04-27,Four,4,2019-04-27:2,10,"DiSanto, Mead, Peszek, Reed","Carlson, Richards, Wallis, Weiss"
2019-04-27,Four,4,2019-04-27:2,15,"DiSanto, Mead, Peszek, Reed","Aghai, Eble, Rummel, Weil"
2019-04-27,Four,4,2019-04-27:2,1,"Dethlefs, Hack, Harrity, Karwoski","Carlson, Richards, Wallis, Weiss"
2019-04-27,Four,4,2019-04-27:2,6,"Dethlefs, Hack, Harrity, Karwoski","Aghai, Eble, Rummel, Weil"
2019-04-27,Four,4,2019-04-27:2,5,"Carlson, Richards, Wallis, Weiss","Aghai, Eble, Rummel, Weil"
2019-04-27,Four,4,2019-04-27:3,2,"DiSanto, Mead, Peszek, Reed","Dethlefs, Hack, Harrity, Karwoski"
2019-04-27,Four,4,2019-04-27:3,11,"DiSanto, Mead, Peszek, Reed","Carlson, Richards, Wallis, Weiss"
2019-04-27,Four,4,2019-04-27:3,18,"DiSanto, Mead, Peszek, Reed","Aghai, Eble, Rummel, Weil"
2019-04-27,Four,4,2019-04-27:3,9,"Dethlefs, Hack, Harrity, Karwoski","Carlson, Richards, Wallis, Weiss"
2019-04-27,Four,4,2019-04-27:3,16,"Dethlefs, Hack, Harrity, Karwoski","Aghai, Eble, Rummel, Weil"
2019-04-27,Four,4,2019-04-27:3,7,"Carlson, Richards, Wallis, Weiss","Aghai, Eble, Rummel, Weil"
2019-04-27,Pair,2,2019-04-27:1,2,"Furey, Landboe","Clougher, Moffitt"
2019-04-27,Pair,2,2019-04-27:1,11,"Davis, Putnam","Furey, Landboe"
2019-04-27,Pair,2,2019-04-27:1,6,"Chance, Messner","Furey, Landboe"
2019-04-27,Pair,2,2019-04-27:1,13,"Davis, Putnam","Clougher, Moffitt"
2019-04-27,Pair,2,2019-04-27:1,8,"Chance, Messner","Clougher, Moffitt"
2019-04-27,Pair,2,2019-04-27:1,5,"Davis, Putnam","Chance, Messner"
2019-04-27,Pair,2,2019-04-27:2,1,"Clougher, Moffitt","Furey, Landboe"
2019-04-27,Pair,2,2019-04-27:2,14,"Davis, Putnam","Furey, Landboe"
2019-04-27,Pair,2,2019-04-27:2,21,"Chance, Messner","Furey, Landboe"
2019-04-27,Pair,2,2019-04-27:2,13,"Davis, Putnam","Clougher, Moffitt"
2019-04-27,Pair,2,2019-04-27:2,20,"Chance, Messner","Clougher, Moffitt"
2019-04-27,Pair,2,2019-04-27:2,7,"Chance, Messner","Davis, Putnam"
2019-04-27,Pair,2,2019-04-27:3,9,"Clougher, Moffitt","Furey, Landboe"
2019-04-27,Pair,2,2019-04-27:3,35,"Davis, Putnam","Furey, Landboe"
2019-04-27,Pair,2,2019-04-27:3,37,"Chance, Messner","Furey, Landboe"
2019-04-27,Pair,2,2019-04-27:3,26,"Davis, Putnam","Clougher, Moffitt"
2019-04-27,Pair,2,2019-04-27:3,28,"Chance, Messner","Clougher, Moffitt"
2019-04-27,Pair,2,2019-04-27:3,2,"Chance, Messner","Davis, Putnam"
2019-05-04,Four,4,2019-05-04:1,1,"Carlson, Eble, Moffitt, Richards","Aghai, Flagg, Wallis, Weiss"
2019-05-04,Four,4,2019-05-04:1,8,"DiSanto, Mead, Peszek, Reed","Aghai, Flagg, Wallis, Weiss"
2019-05-04,Four,4,2019-05-04:1,4,"Dethlefs, Hack, Harrity, Karwoski","Aghai, Flagg, Wallis, Weiss"
2019-05-04,Four,4,2019-05-04:1,7,"DiSanto, Mead, Peszek, Reed","Carlson, Eble, Moffitt, Richards"
2019-05-04,Four,4,2019-05-04:1,3,"Dethlefs, Hack, Harrity, Karwoski","Carlson, Eble, Moffitt, Richards"
2019-05-04,Four,4,2019-05-04:1,4,"DiSanto, Mead, Peszek, Reed","Dethlefs, Hack, Harrity, Karwoski"
2019-05-04,Four,4,2019-05-04:2,4,"Carlson, Eble, Moffitt, Richards","Aghai, Flagg, Wallis, Weiss"
2019-05-04,Four,4,2019-05-04:2,12,"DiSanto, Mead, Peszek, Reed","Aghai, Flagg, Wallis, Weiss"
2019-05-04,Four,4,2019-05-04:2,6,"Dethlefs, Hack, Harrity, Karwoski","Aghai, Flagg, Wallis, Weiss"
2019-05-04,Four,4,2019-05-04:2,8,"DiSanto, Mead, Peszek, Reed","Carlson, Eble, Moffitt, Richards"
2019-05-04,Four,4,2019-05-04:2,2,"Dethlefs, Hack, Harrity, Karwoski","Carlson, Eble, Moffitt, Richards"
2019-05-04,Four,4,2019-05-04:2,6,"DiSanto, Mead, Peszek, Reed","Dethlefs, Hack, Harrity, Karwoski"
2019-05-04,Four,4,2019-05-04:3,9,"Aghai, Flagg, Wallis, Weiss","Carlson, Eble, Moffitt, Richards"
2019-05-04,Four,4,2019-05-04:3,12,"DiSanto, Mead, Peszek, Reed","Aghai, Flagg, Wallis, Weiss"
2019-05-04,Four,4,2019-05-04:3,11,"Dethlefs, Hack, Harrity, Karwoski","Aghai, Flagg, Wallis, Weiss"
2019-05-04,Four,4,2019-05-04:3,21,"DiSanto, Mead, Peszek, Reed","Carlson, Eble, Moffitt, Richards"
2019-05-04,Four,4,2019-05-04:3,20,"Dethlefs, Hack, Harrity, Karwoski","Carlson, Eble, Moffitt, Richards"
2019-05-04,Four,4,2019-05-04:3,1,"DiSanto, Mead, Peszek, Reed","Dethlefs, Hack, Harrity, Karwoski"
2019-05-04,Pair,2,2019-05-04:1,11,"Clougher, M/B","Furey, Landboe"
2019-05-04,Pair,2,2019-05-04:2,13,"Furey, Landboe","Clougher, M/B"
2019-05-04,Pair,2,2019-05-04:3,4,"Furey, Landboe","Clougher, M/B"
2019-05-09,Four,4,2019-05-09:1,1,"Hack, Karwoski, Mead, Peszek","Dethlefs, DiSanto, Harrity, Reed"
2019-05-09,Four,4,2019-05-09:2,8,"Dethlefs, DiSanto, Harrity, Reed","Hack, Karwoski, Mead, Peszek"
2019-05-09,Four,4,2019-05-09:3,1,"Hack, Karwoski, Mead, Peszek","Dethlefs, DiSanto, Harrity, Reed"
2019-05-11,Four,4,2019-05-11:1,12,"Dethlefs, DiSanto, Harrity, Reed","Aghai, Hack, Peszek, Weiss"
2019-05-11,Four,4,2019-05-11:2,15,"Dethlefs, DiSanto, Harrity, Reed","Aghai, Hack, Peszek, Weiss"
2019-05-11,Four,4,2019-05-11:3,1,"Aghai, Hack, Peszek, Weiss","Dethlefs, DiSanto, Harrity, Reed"
2019-05-22,Four,4,2019-05-22:1,4,"Dethlefs, Hack, Harrity, Reed","DiSanto, Karwoski, Mead, Peszek"
2019-05-22,Four,4,2019-05-22:1,23,"Dethlefs, Hack, Harrity, Reed","Aghai, Richards, Wallis, Weiss"
2019-05-22,Four,4,2019-05-22:1,19,"DiSanto, Karwoski, Mead, Peszek","Aghai, Richards, Wallis, Weiss"
2019-05-22,Four,4,2019-05-22:2,1,"Dethlefs, Hack, Harrity, Reed","DiSanto, Karwoski, Mead, Peszek"
2019-05-22,Four,4,2019-05-22:2,14,"Dethlefs, Hack, Harrity, Reed","Aghai, Richards, Wallis, Weiss"
2019-05-22,Four,4,2019-05-22:2,13,"DiSanto, Karwoski, Mead, Peszek","Aghai, Richards, Wallis, Weiss"
2019-05-22,Four,4,2019-05-22:3,4,"Dethlefs, Hack, Harrity, Reed","DiSanto, Karwoski, Mead, Peszek"
2019-05-22,Four,4,2019-05-22:3,14,"Dethlefs, Hack, Harrity, Reed","Aghai, Richards, Wallis, Weiss"
2019-05-22,Four,4,2019-05-22:3,10,"DiSanto, Karwoski, Mead, Peszek","Aghai, Richards, Wallis, Weiss"
2019-05-29,Four,4,2019-05-29:1,2,"Dethlefs, DiSanto, Harrity, Reed","Hack, Karwoski, Mead, Peszek"
2019-05-29,Four,4,2019-05-29:1,19,"Dethlefs, DiSanto, Harrity, Reed","Carlson, Eble, Richards, Wallis"
2019-05-29,Four,4,2019-05-29:1,22,"Dethlefs, DiSanto, Harrity, Reed","Aghai, Flagg, Weil, Weiss"
2019-05-29,Four,4,2019-05-29:1,17,"Hack, Karwoski, Mead, Peszek","Carlson, Eble, Richards, Wallis"
2019-05-29,Four,4,2019-05-29:1,20,"Hack, Karwoski, Mead, Peszek","Aghai, Flagg, Weil, Weiss"
2019-05-29,Four,4,2019-05-29:1,3,"Carlson, Eble, Richards, Wallis","Aghai, Flagg, Weil, Weiss"
2019-05-29,Four,4,2019-05-29:2,2,"Dethlefs, DiSanto, Harrity, Reed","Hack, Karwoski, Mead, Peszek"
2019-05-29,Four,4,2019-05-29:2,17,"Dethlefs, DiSanto, Harrity, Reed","Carlson, Eble, Richards, Wallis"
2019-05-29,Four,4,2019-05-29:2,21,"Dethlefs, DiSanto, Harrity, Reed","Aghai, Flagg, Weil, Weiss"
2019-05-29,Four,4,2019-05-29:2,15,"Hack, Karwoski, Mead, Peszek","Carlson, Eble, Richards, Wallis"
2019-05-29,Four,4,2019-05-29:2,19,"Hack, Karwoski, Mead, Peszek","Aghai, Flagg, Weil, Weiss"
2019-05-29,Four,4,2019-05-29:2,4,"Carlson, Eble, Richards, Wallis","Aghai, Flagg, Weil, Weiss"
2019-05-29,Four,4,2019-05-29:3,3,"Dethlefs, Karwoski, Mead, Peszek","DiSanto, Hack, Harrity, Reed"
2019-05-29,Four,4,2019-05-29:3,10,"DiSanto, Hack, Harrity, Reed","Carlson, Eble, Flagg, Wallis"
2019-05-29,Four,4,2019-05-29:3,20,"DiSanto, Hack, Harrity, Reed","Aghai, Richards, Weil, Weiss"
2019-05-29,Four,4,2019-05-29:3,13,"Dethlefs, Karwoski, Mead, Peszek","Carlson, Eble, Flagg, Wallis"
2019-05-29,Four,4,2019-05-29:3,23,"Dethlefs, Karwoski, Mead, Peszek","Aghai, Richards, Weil, Weiss"
2019-05-29,Four,4,2019-05-29:3,10,"Carlson, Eble, Flagg, Wallis","Aghai, Richards, Weil, Weiss"
2019-06-03,Four,4,2019-06-03:1,2.7,"Carlson, Hack, Karwoski, Weiss","Eble, Flagg, Mead, Peszek"
2019-06-03,Four,4,2019-06-03:1,1.5,"Carlson, Hack, Karwoski, Weiss","DiSanto, Reed, Richards, Wallis"
2019-06-03,Four,4,2019-06-03:1,6.5,"Carlson, Hack, Karwoski, Weiss","Aghai, Dethlefs, Harrity, Moffitt"
2019-06-03,Four,4,2019-06-03:1,1.2,"DiSanto, Reed, Richards, Wallis","Eble, Flagg, Mead, Peszek"
2019-06-03,Four,4,2019-06-03:1,3.8,"Eble, Flagg, Mead, Peszek","Aghai, Dethlefs, Harrity, Moffitt"
2019-06-03,Four,4,2019-06-03:1,5,"DiSanto, Reed, Richards, Wallis","Aghai, Dethlefs, Harrity, Moffitt"
2019-06-03,Four,4,2019-06-03:2,2,"Carlson, Hack, Karwoski, Moffitt","Eble, Flagg, Mead, Peszek"
2019-06-03,Four,4,2019-06-03:2,0.5,"Carlson, Hack, Karwoski, Moffitt","DiSanto, Reed, Richards, Wallis"
2019-06-03,Four,4,2019-06-03:2,1.2,"Carlson, Hack, Karwoski, Moffitt","Aghai, Dethlefs, Harrity, Weiss"
2019-06-03,Four,4,2019-06-03:2,1.5,"DiSanto, Reed, Richards, Wallis","Eble, Flagg, Mead, Peszek"
2019-06-03,Four,4,2019-06-03:2,0.8,"Aghai, Dethlefs, Harrity, Weiss","Eble, Flagg, Mead, Peszek"
2019-06-03,Four,4,2019-06-03:2,0.7,"DiSanto, Reed, Richards, Wallis","Aghai, Dethlefs, Harrity, Weiss"
2019-06-03,Pair,2,2019-06-03:1,5,"Rummel, Weil","Clougher, Landboe"
2019-06-03,Pair,2,2019-06-03:2,2.4,"Rummel, Weil","Clougher, Landboe"
2019-06-04,Four,4,2019-06-04:1,2.8,"DiSanto, Reed, Richards, Wallis","Eble, Flagg, Mead, Peszek"
2019-06-04,Four,4,2019-06-04:1,2.8,"Carlson, Dethlefs, Harrity, Weiss","Eble, Flagg, Mead, Peszek"
2019-06-04,Four,4,2019-06-04:1,1.2,"Eble, Flagg, Mead, Peszek","Aghai, Hack, Karwoski, Moffitt"
2019-06-04,Four,4,2019-06-04:1,4,"DiSanto, Reed, Richards, Wallis","Aghai, Hack, Karwoski, Moffitt"
2019-06-04,Four,4,2019-06-04:1,4,"Carlson, Dethlefs, Harrity, Weiss","Aghai, Hack, Karwoski, Moffitt"
2019-06-04,Four,4,2019-06-04:2,0.4,"DiSanto, Reed, Richards, Wallis","Eble, Flagg, Mead, Peszek"
2019-06-04,Four,4,2019-06-04:2,2.8,"Carlson, Dethlefs, Harrity, Weiss","Eble, Flagg, Mead, Peszek"
2019-06-04,Four,4,2019-06-04:2,0.9,"Eble, Flagg, Mead, Peszek","Aghai, Hack, Karwoski, Moffitt"
2019-06-04,Four,4,2019-06-04:2,2.4,"Carlson, Dethlefs, Harrity, Weiss","DiSanto, Reed, Richards, Wallis"
2019-06-04,Four,4,2019-06-04:2,1.3,"DiSanto, Reed, Richards, Wallis","Aghai, Hack, Karwoski, Moffitt"
2019-06-04,Four,4,2019-06-04:2,3.7,"Carlson, Dethlefs, Harrity, Weiss","Aghai, Hack, Karwoski, Moffitt"
2019-06-04,Pair,2,2019-06-04:1,2,"Landboe, Rummel","Clougher, Weil"
2019-06-04,Pair,2,2019-06-04:2,2.6,"Landboe, Rummel","Clougher, Weil"
2019-06-05,Four,4,2019-06-05:1,1.82,"Dethlefs, DiSanto, Harrity, Reed","Carlson, Richards, Wallis, Weiss"
2019-06-05,Four,4,2019-06-05:1,1.92,"Dethlefs, DiSanto, Harrity, Reed","Hack, Karwoski, Mead, Peszek"
2019-06-05,Four,4,2019-06-05:1,9.97,"Dethlefs, DiSanto, Harrity, Reed","Clougher, Landboe, Rummel, Weil"
2019-06-05,Four,4,2019-06-05:1,0.1,"Carlson, Richards, Wallis, Weiss","Hack, Karwoski, Mead, Peszek"
2019-06-05,Four,4,2019-06-05:1,8.15,"Carlson, Richards, Wallis, Weiss","Clougher, Landboe, Rummel, Weil"
2019-06-05,Four,4,2019-06-05:1,8.05,"Hack, Karwoski, Mead, Peszek","Clougher, Landboe, Rummel, Weil"
2019-06-05,Four,4,2019-06-05:1,2.6,"DiSanto, Hack, Karwoski, Reed","Carlson, Richards, Wallis, Weiss"
2019-06-05,Four,4,2019-06-05:1,2.8,"DiSanto, Hack, Karwoski, Reed","Dethlefs, Harrity, Mead, Peszek"
2019-06-05,Four,4,2019-06-05:1,10.5,"DiSanto, Hack, Karwoski, Reed","Aghai, Eble, Flagg, Moffitt"
2019-06-05,Four,4,2019-06-05:1,0.2,"Carlson, Richards, Wallis, Weiss","Dethlefs, Harrity, Mead, Peszek"
2019-06-05,Four,4,2019-06-05:1,7.9,"Carlson, Richards, Wallis, Weiss","Aghai, Eble, Flagg, Moffitt"
2019-06-05,Four,4,2019-06-05:1,7.7,"Dethlefs, Harrity, Mead, Peszek","Aghai, Eble, Flagg, Moffitt"
2019-06-05,Four,4,2019-06-05:2,3,"DiSanto, Hack, Karwoski, Reed","Carlson, Richards, Wallis, Weiss"
2019-06-05,Four,4,2019-06-05:2,6.1,"DiSanto, Hack, Karwoski, Reed","Dethlefs, Harrity, Mead, Peszek"
2019-06-05,Four,4,2019-06-05:2,5,"DiSanto, Hack, Karwoski, Reed","Aghai, Eble, Flagg, Moffitt"
2019-06-05,Four,4,2019-06-05:2,3.4,"DiSanto, Hack, Karwoski, Reed","Clougher, Landboe, Rummel, Weil"
2019-06-05,Four,4,2019-06-05:2,3.1,"Carlson, Richards, Wallis, Weiss","Dethlefs, Harrity, Mead, Peszek"
2019-06-05,Four,4,2019-06-05:2,2,"Carlson, Richards, Wallis, Weiss","Aghai, Eble, Flagg, Moffitt"
2019-06-05,Four,4,2019-06-05:2,0.4,"Carlson, Richards, Wallis, Weiss","Clougher, Landboe, Rummel, Weil"
2019-06-05,Four,4,2019-06-05:2,1.1,"Aghai, Eble, Flagg, Moffitt","Dethlefs, Harrity, Mead, Peszek"
2019-06-05,Four,4,2019-06-05:2,2.7,"Clougher, Landboe, Rummel, Weil","Dethlefs, Harrity, Mead, Peszek"
2019-06-05,Four,4,2019-06-05:2,1.6,"Clougher, Landboe, Rummel, Weil","Aghai, Eble, Flagg, Moffitt"
2019-06-19,Four,4,2019-06-19:1,12,"Aghai, Eble, Flagg, Weiss","Carlson, Dean, Rummel, Weil"
2019-06-19,Four,4,2019-06-19:2,2,"Carlson, Dean, Eble, Rummel","Aghai, Flagg, Weil, Weiss"
2019-06-19,Four,4,2019-06-19:3,1,"Carlson, Dean, Eble, Flagg","Aghai, Rummel, Weil, Weiss"
2019-06-22,Four,4,2019-06-22:1,14,"Mead, Peszek, Rummel, Weil","Carlson, Davison, Dean, Landboe"
2019-06-22,Four,4,2019-06-22:1,16,"Aghai, Eble, Flagg, Weiss","Carlson, Davison, Dean, Landboe"
2019-06-22,Four,4,2019-06-22:1,2,"Aghai, Eble, Flagg, Weiss","Mead, Peszek, Rummel, Weil"
2019-06-22,Four,4,2019-06-22:2,13.4,"Dean, Mead, Peszek, Rummel","Carlson, Davison, Landboe, Weil"
2019-06-22,Four,4,2019-06-22:2,13.7,"Aghai, Eble, Flagg, Weiss","Carlson, Davison, Landboe, Weil"
2019-06-22,Four,4,2019-06-22:2,0.3,"Aghai, Eble, Flagg, Weiss","Dean, Mead, Peszek, Rummel"
2019-06-29,Four,4,2019-06-29:1,3.4,"Aghai, Mead, Peszek, Weiss","Carlson, Richards, Wallis, Weil"
2019-06-29,Four,4,2019-06-29:2,6,"Carlson, Mead, Peszek, Weiss","Aghai, Richards, Wallis, Weil"
2019-06-29,Four,4,2019-06-29:3,1.5,"Carlson, Mead, Peszek, Weil","Aghai, Richards, Wallis, Weiss"
2019-06-29,Pair,2,2019-06-29:1,8,"Flagg, Landboe","Dean, Rummel"
2019-06-29,Pair,2,2019-06-29:2,2,"Dean, Rummel","Flagg, Landboe"
2019-06-30,Four,4,2019-06-30:1,5.1,"Carlson, Mead, Peszek, Weil","Flagg, Landboe, Rummel, Wallis"
2019-06-30,Four,4,2019-06-30:2,1.8,"Carlson, Landboe, Rummel, Wallis","Flagg, Mead, Peszek, Weil"
2019-07-03,Four,4,2019-07-03:1,0.8,"Flagg, Hack, Landboe, Richards","Aghai, Dethlefs, Rummel, Weil"
2019-07-03,Four,4,2019-07-03:1,5.7,"Carlson, Harrity, Wallis, Weiss","Flagg, Hack, Landboe, Richards"
2019-07-03,Four,4,2019-07-03:1,6.5,"Carlson, Harrity, Wallis, Weiss","Aghai, Dethlefs, Rummel, Weil"
2019-07-03,Four,4,2019-07-03:2,2,"Aghai, Dethlefs, Richards, Weil","Flagg, Hack, Landboe, Rummel"
2019-07-03,Four,4,2019-07-03:3,1.8,"Aghai, Dethlefs, Landboe, Richards","Flagg, Hack, Rummel, Weil"
2019-07-06,Four,4,2019-07-06:1,2.1,"Eble, Reed, Richards, Weiss","Hack, Harrity, Karwoski, Wallis"
2019-07-06,Four,4,2019-07-06:2,2.3,"Eble, Harrity, Reed, Weiss","Hack, Karwoski, Richards, Wallis"
2019-07-06,Four,4,2019-07-06:3,0.5,"Eble, Harrity, Reed, Wallis","Hack, Karwoski, Richards, Weiss"
2019-07-09,Eight,8,2019-07-09:1,0.3,"Carlson, Dethlefs, Flagg, Landboe, Mead, Peszek, Richards, Weiss","Davison, Dean, DiSanto, Eble, Hack, Harrity, Karwoski, Reed"
2019-07-09,Eight,8,2019-07-09:2,1.6,"Carlson, Davison, Dethlefs, Flagg, Landboe, Mead, Richards, Weiss","Dean, DiSanto, Eble, Hack, Harrity, Karwoski, Peszek, Reed"
2019-07-09,Eight,8,2019-07-09:3,2.3,"DiSanto, Eble, Karwoski, Landboe, Mead, Peszek, Reed, Richards","Carlson, Davison, Dean, Dethlefs, Flagg, Hack, Harrity, Weiss"
2019-07-12,Eight,8,2019-07-12:1,1.7,"Davison, Dethlefs, DiSanto, Eble, Karwoski, Mead, Reed, Richards","Aghai, Flagg, Hack, Harrity, Landboe, Peszek, Wallis, Weiss"
2019-07-12,Eight,8,2019-07-12:2,5.4,"DiSanto, Eble, Harrity, Karwoski, Landboe, Mead, Reed, Richards","Aghai, Davison, Dethlefs, Flagg, Hack, Peszek, Wallis, Weiss"
2019-07-12,Eight,8,2019-07-12:3,2.1,"Dethlefs, DiSanto, Eble, Harrity, Karwoski, Mead, Reed, Richards","Aghai, Davison, Flagg, Hack, Landboe, Peszek, Wallis, Weiss"
2019-07-14,Eight,8,2019-07-14:1,2.6,"Davison, Dean, Dethlefs, Harrity, Landboe, Mead, Peszek, Richards","Aghai, DiSanto, Eble, Flagg, Hack, Karwoski, Reed, Weiss"
2019-07-14,Eight,8,2019-07-14:2,4.1,"Davison, Dean, DiSanto, Hack, Harrity, Mead, Peszek, Richards","Aghai, Dethlefs, Eble, Flagg, Karwoski, Landboe, Reed, Weiss"
2019-07-22,Four,4,2019-07-22:1,7.4,"Carlson, Dean, Reed, Weiss","Dethlefs, Flagg, Landboe, Peszek"
2019-10-03,Eight,8,2019-10-03:1,5,"Corrigan, Davison, Eble, Grady, Mead, Miklasevich, Richards, Weiss","C. Carlson, Dean, Dethlefs, DiSanto, E Carlson, Hack, Harrity, Karwoski"
2019-10-03,Eight,8,2019-10-03:2,8,"Corrigan, Davison, Eble, Grady, Mead, Miklasevich, Richards, Weiss","C. Carlson, Dean, Dethlefs, DiSanto, E Carlson, Hack, Harrity, Karwoski"
2019-10-03,Eight,8,2019-10-03:3,4,"Corrigan, Davison, Eble, Grady, Mead, Miklasevich, Richards, Weiss","C. Carlson, Dean, Dethlefs, DiSanto, E Carlson, Hack, Harrity, Karwoski"
2019-10-03,Four,4,2019-10-03:1,13,"Clougher, Davis, Messner, Moffitt","Flagg, Gaard, Knippen, Wallis"
2019-10-03,Four,4,2019-10-03:2,29,"Clougher, Davis, Messner, Moffitt","Flagg, Gaard, Knippen, Wallis"
2019-10-03,Four,4,2019-10-03:3,27,"Davison, Flagg, Gaard, Wallis","Clougher, Davis, Messner, Moffitt"
2019-10-10,Eight,8,2019-10-10:1,11,"DiSanto, Eble, Hack, Harrity, Karwoski, Mead, Reed, Richards","C. Carlson, Corrigan, Davison, Dean, Dethlefs, Grady, Miklasevich, Weiss"
2019-10-10,Eight,8,2019-10-10:2,11,"DiSanto, Eble, Hack, Harrity, Karwoski, Mead, Reed, Richards","C. Carlson, Corrigan, Davison, Dean, Dethlefs, Grady, Miklasevich, Weiss"
2019-10-10,Four,4,2019-10-10:1,11,"Clougher, Furey, Moffitt, Peszek","E Carlson, Flagg, Landboe, Wallis"
2019-10-10,Four,4,2019-10-10:2,17,"Clougher, Furey, Moffitt, Peszek","E Carlson, Flagg, Landboe, Wallis"
2019-10-16,Eight,8,2019-10-16:1,10,"DiSanto, Eble, Hack, Harrity, Karwoski, Mead, Reed, Richards","Carlson, Corrigan, Davison, Dean, Dethlefs, Grady, Miklasevich, Weiss"
2019-10-16,Eight,8,2019-10-16:2,8,"DiSanto, Eble, Hack, Harrity, Karwoski, Mead, Reed, Richards","Carlson, Corrigan, Davison, Dean, Dethlefs, Grady, Miklasevich, Weiss"
2019-10-24,Four,4,2019-10-24:1,23,"DiSanto, Hack, Karwoski, Reed","Furey, Moffitt, Molitor, Peszek"
2019-10-24,Four,4,2019-10-24:1,1,"Eble, Harrity, Mead, Richards","Furey, Moffitt, Molitor, Peszek"
2019-10-24,Four,4,2019-10-24:1,12,"Furey, Moffitt, Molitor, Peszek","C Carlson, Davison, Dean, Dethlefs"
2019-10-24,Four,4,2019-10-24:1,22,"DiSanto, Hack, Karwoski, Reed","Eble, Harrity, Mead, Richards"
2019-10-24,Four,4,2019-10-24:1,35,"DiSanto, Hack, Karwoski, Reed","C Carlson, Davison, Dean, Dethlefs"
2019-10-24,Four,4,2019-10-24:1,13,"Eble, Harrity, Mead, Richards","C Carlson, Davison, Dean, Dethlefs"
2019-10-24,Four,4,2019-10-24:2,8,"DiSanto, Hack, Karwoski, Reed","Furey, Moffitt, Molitor, Peszek"
2019-10-24,Four,4,2019-10-24:2,9,"Furey, Moffitt, Molitor, Peszek","Eble, Harrity, Mead, Richards"
2019-10-24,Four,4,2019-10-24:2,7,"Furey, Moffitt, Molitor, Peszek","C Carlson, Davison, Dean, Dethlefs"
2019-10-24,Four,4,2019-10-24:2,17,"DiSanto, Hack, Karwoski, Reed","Eble, Harrity, Mead, Richards"
2019-10-24,Four,4,2019-10-24:2,15,"DiSanto, Hack, Karwoski, Reed","C Carlson, Davison, Dean, Dethlefs"
2019-10-24,Four,4,2019-10-24:2,2,"C Carlson, Davison, Dean, Dethlefs","Eble, Harrity, Mead, Richards"
2019-10-24,Four,4,2019-10-24:3,27,"DiSanto, Hack, Karwoski, Reed","Furey, Moffitt, Molitor, Peszek"
2019-10-24,Four,4,2019-10-24:3,10,"Eble, Harrity, Mead, Richards","Furey, Moffitt, Molitor, Peszek"
2019-10-24,Four,4,2019-10-24:3,8,"Furey, Moffitt, Molitor, Peszek","C Carlson, Davison, Dean, Dethlefs"
2019-10-24,Four,4,2019-10-24:3,17,"DiSanto, Hack, Karwoski, Reed","Eble, Harrity, Mead, Richards"
2019-10-24,Four,4,2019-10-24:3,35,"DiSanto, Hack, Karwoski, Reed","C Carlson, Davison, Dean, Dethlefs"
2019-10-24,Four,4,2019-10-24:3,18,"Eble, Harrity, Mead, Richards","C Carlson, Davison, Dean, Dethlefs"
2019-10-24,Pair,2,2019-10-24:1,15,"Corrigan, Miklasevich","Carlson, Weiss"
2019-10-24,Pair,2,2019-10-24:1,40,"Corrigan, Miklasevich","Grady, Wallis"
2019-10-24,Pair,2,2019-10-24:1,26,"Corrigan, Miklasevich","Flagg, Landboe"
2019-10-24,Pair,2,2019-10-24:1,49,"Corrigan, Miklasevich","Aghai, Gaard"
2019-10-24,Pair,2,2019-10-24:1,25,"Carlson, Weiss","Grady, Wallis"
2019-10-24,Pair,2,2019-10-24:1,11,"Carlson, Weiss","Flagg, Landboe"
2019-10-24,Pair,2,2019-10-24:1,34,"Carlson, Weiss","Aghai, Gaard"
2019-10-24,Pair,2,2019-10-24:1,14,"Flagg, Landboe","Grady, Wallis"
2019-10-24,Pair,2,2019-10-24:1,9,"Grady, Wallis","Aghai, Gaard"
2019-10-24,Pair,2,2019-10-24:1,23,"Flagg, Landboe","Aghai, Gaard"
2019-10-24,Pair,2,2019-10-24:2,16,"Corrigan, Miklasevich","Carlson, Weiss"
2019-10-24,Pair,2,2019-10-24:2,19,"Corrigan, Miklasevich","Grady, Wallis"
2019-10-24,Pair,2,2019-10-24:2,29,"Corrigan, Miklasevich","Flagg, Landboe"
2019-10-24,Pair,2,2019-10-24:2,38,"Corrigan, Miklasevich","Aghai, Gaard"
2019-10-24,Pair,2,2019-10-24:2,3,"Carlson, Weiss","Grady, Wallis"
2019-10-24,Pair,2,2019-10-24:2,13,"Carlson, Weiss","Flagg, Landboe"
2019-10-24,Pair,2,2019-10-24:2,22,"Carlson, Weiss","Aghai, Gaard"
2019-10-24,Pair,2,2019-10-24:2,10,"Grady, Wallis","Flagg, Landboe"
2019-10-24,Pair,2,2019-10-24:2,19,"Grady, Wallis","Aghai, Gaard"
2019-10-24,Pair,2,2019-10-24:2,9,"Flagg, Landboe","Aghai, Gaard"
2019-10-24,Pair,2,2019-10-24:3,26,"Corrigan, Miklasevich","Carlson, Weiss"
2019-10-24,Pair,2,2019-10-24:3,34,"Corrigan, Miklasevich","Grady, Wallis"
2019-10-24,Pair,2,2019-10-24:3,52,"Corrigan, Miklasevich","Flagg, Landboe"
2019-10-24,Pair,2,2019-10-24:3,52,"Corrigan, Miklasevich","Aghai, Gaard"
2019-10-24,Pair,2,2019-10-24:3,8,"Carlson, Weiss","Grady, Wallis"
2019-10-24,Pair,2,2019-10-24:3,26,"Carlson, Weiss","Flagg, Landboe"
2019-10-24,Pair,2,2019-10-24:3,26,"Carlson, Weiss","Aghai, Gaard"
2019-10-24,Pair,2,2019-10-24:3,18,"Grady, Wallis","Flagg, Landboe"
2019-10-24,Pair,2,2019-10-24:3,18,"Grady, Wallis","Aghai, Gaard"
2019-10-31,Pair,2,2019-10-31:1,16,"Hack, Karwoski","Mead, Peszek"
2019-10-31,Pair,2,2019-10-31:1,8,"Hack, Karwoski","Dethlefs, Harrity"
2019-10-31,Pair,2,2019-10-31:1,19,"Hack, Karwoski","Davison, DiSanto"
2019-10-31,Pair,2,2019-10-31:1,7,"Hack, Karwoski","Carlson, Weiss"
2019-10-31,Pair,2,2019-10-31:1,19,"Hack, Karwoski","Eble, Richards"
2019-10-31,Pair,2,2019-10-31:1,13,"Hack, Karwoski","Dean, Reed"
2019-10-31,Pair,2,2019-10-31:1,23,"Hack, Karwoski","C. Carlson, Wallis"
2019-10-31,Pair,2,2019-10-31:1,8,"Dethlefs, Harrity","Mead, Peszek"
2019-10-31,Pair,2,2019-10-31:1,3,"Mead, Peszek","Davison, DiSanto"
2019-10-31,Pair,2,2019-10-31:1,9,"Carlson, Weiss","Mead, Peszek"
2019-10-31,Pair,2,2019-10-31:1,3,"Mead, Peszek","Eble, Richards"
2019-10-31,Pair,2,2019-10-31:1,3,"Dean, Reed","Mead, Peszek"
2019-10-31,Pair,2,2019-10-31:1,7,"Mead, Peszek","C. Carlson, Wallis"
2019-10-31,Pair,2,2019-10-31:1,11,"Dethlefs, Harrity","Davison, DiSanto"
2019-10-31,Pair,2,2019-10-31:1,1,"Carlson, Weiss","Dethlefs, Harrity"
2019-10-31,Pair,2,2019-10-31:1,11,"Dethlefs, Harrity","Eble, Richards"
2019-10-31,Pair,2,2019-10-31:1,5,"Dethlefs, Harrity","Dean, Reed"
2019-10-31,Pair,2,2019-10-31:1,15,"Dethlefs, Harrity","C. Carlson, Wallis"
2019-10-31,Pair,2,2019-10-31:1,12,"Carlson, Weiss","Davison, DiSanto"
2019-10-31,Pair,2,2019-10-31:1,6,"Dean, Reed","Davison, DiSanto"
2019-10-31,Pair,2,2019-10-31:1,4,"Davison, DiSanto","C. Carlson, Wallis"
2019-10-31,Pair,2,2019-10-31:1,12,"Carlson, Weiss","Eble, Richards"
2019-10-31,Pair,2,2019-10-31:1,6,"Carlson, Weiss","Dean, Reed"
2019-10-31,Pair,2,2019-10-31:1,16,"Carlson, Weiss","C. Carlson, Wallis"
2019-10-31,Pair,2,2019-10-31:1,6,"Dean, Reed","Eble, Richards"
2019-10-31,Pair,2,2019-10-31:1,4,"Eble, Richards","C. Carlson, Wallis"
2019-10-31,Pair,2,2019-10-31:1,10,"Dean, Reed","C. Carlson, Wallis"
2019-10-31,Pair,2,2019-10-31:2,17,"Hack, Karwoski","Mead, Peszek"
2019-10-31,Pair,2,2019-10-31:2,19,"Hack, Karwoski","Dethlefs, Harrity"
2019-10-31,Pair,2,2019-10-31:2,22,"Hack, Karwoski","Davison, DiSanto"
2019-10-31,Pair,2,2019-10-31:2,17,"Hack, Karwoski","Carlson, Weiss"
2019-10-31,Pair,2,2019-10-31:2,33,"Hack, Karwoski","Eble, Richards"
2019-10-31,Pair,2,2019-10-31:2,39,"Hack, Karwoski","Dean, Reed"
2019-10-31,Pair,2,2019-10-31:2,33,"Hack, Karwoski","C. Carlson, Wallis"
2019-10-31,Pair,2,2019-10-31:2,2,"Mead, Peszek","Dethlefs, Harrity"
2019-10-31,Pair,2,2019-10-31:2,5,"Mead, Peszek","Davison, DiSanto"
2019-10-31,Pair,2,2019-10-31:2,16,"Mead, Peszek","Eble, Richards"
2019-10-31,Pair,2,2019-10-31:2,22,"Mead, Peszek","Dean, Reed"
2019-10-31,Pair,2,2019-10-31:2,16,"Mead, Peszek","C. Carlson, Wallis"
2019-10-31,Pair,2,2019-10-31:2,3,"Dethlefs, Harrity","Davison, DiSanto"
2019-10-31,Pair,2,2019-10-31:2,2,"Carlson, Weiss","Dethlefs, Harrity"
2019-10-31,Pair,2,2019-10-31:2,14,"Dethlefs, Harrity","Eble, Richards"
2019-10-31,Pair,2,2019-10-31:2,20,"Dethlefs, Harrity","Dean, Reed"
2019-10-31,Pair,2,2019-10-31:2,14,"Dethlefs, Harrity","C. Carlson, Wallis"
2019-10-31,Pair,2,2019-10-31:2,5,"Carlson, Weiss","Davison, DiSanto"
2019-10-31,Pair,2,2019-10-31:2,11,"Davison, DiSanto","Eble, Richards"
2019-10-31,Pair,2,2019-10-31:2,17,"Davison, DiSanto","Dean, Reed"
2019-10-31,Pair,2,2019-10-31:2,11,"Davison, DiSanto","C. Carlson, Wallis"
2019-10-31,Pair,2,2019-10-31:2,16,"Carlson, Weiss","Eble, Richards"
2019-10-31,Pair,2,2019-10-31:2,22,"Carlson, Weiss","Dean, Reed"
2019-10-31,Pair,2,2019-10-31:2,16,"Carlson, Weiss","C. Carlson, Wallis"
2019-10-31,Pair,2,2019-10-31:2,6,"Eble, Richards","Dean, Reed"
2019-10-31,Pair,2,2019-10-31:2,6,"C. Carlson, Wallis","Dean, Reed"
2019-10-31,Pair,2,2019-10-31:3,9,"Hack, Karwoski","Mead, Peszek"
2019-10-31,Pair,2,2019-10-31:3,12,"Hack, Karwoski","Dethlefs, Harrity"
2019-10-31,Pair,2,2019-10-31:3,22,"Hack, Karwoski","Davison, DiSanto"
2019-10-31,Pair,2,2019-10-31:3,7,"Hack, Karwoski","Carlson, Weiss"
2019-10-31,Pair,2,2019-10-31:3,20,"Hack, Karwoski","Eble, Richards"
2019-10-31,Pair,2,2019-10-31:3,24,"Hack, Karwoski","Dean, Reed"
2019-10-31,Pair,2,2019-10-31:3,24,"Hack, Karwoski","C. Carlson, Wallis"
2019-10-31,Pair,2,2019-10-31:3,3,"Mead, Peszek","Dethlefs, Harrity"
2019-10-31,Pair,2,2019-10-31:3,13,"Mead, Peszek","Davison, DiSanto"
2019-10-31,Pair,2,2019-10-31:3,2,"Carlson, Weiss","Mead, Peszek"
2019-10-31,Pair,2,2019-10-31:3,11,"Mead, Peszek","Eble, Richards"
2019-10-31,Pair,2,2019-10-31:3,15,"Mead, Peszek","Dean, Reed"
2019-10-31,Pair,2,2019-10-31:3,15,"Mead, Peszek","C. Carlson, Wallis"
2019-10-31,Pair,2,2019-10-31:3,10,"Dethlefs, Harrity","Davison, DiSanto"
2019-10-31,Pair,2,2019-10-31:3,5,"Carlson, Weiss","Dethlefs, Harrity"
2019-10-31,Pair,2,2019-10-31:3,8,"Dethlefs, Harrity","Eble, Richards"
2019-10-31,Pair,2,2019-10-31:3,12,"Dethlefs, Harrity","Dean, Reed"
2019-10-31,Pair,2,2019-10-31:3,12,"Dethlefs, Harrity","C. Carlson, Wallis"
2019-10-31,Pair,2,2019-10-31:3,15,"Carlson, Weiss","Davison, DiSanto"
2019-10-31,Pair,2,2019-10-31:3,2,"Eble, Richards","Davison, DiSanto"
2019-10-31,Pair,2,2019-10-31:3,2,"Davison, DiSanto","Dean, Reed"
2019-10-31,Pair,2,2019-10-31:3,2,"Davison, DiSanto","C. Carlson, Wallis"
2019-10-31,Pair,2,2019-10-31:3,13,"Carlson, Weiss","Eble, Richards"
2019-10-31,Pair,2,2019-10-31:3,17,"Carlson, Weiss","Dean, Reed"
2019-10-31,Pair,2,2019-10-31:3,17,"Carlson, Weiss","C. Carlson, Wallis"
2019-10-31,Pair,2,2019-10-31:3,4,"Eble, Richards","Dean, Reed"
2019-10-31,Pair,2,2019-10-31:3,4,"Eble, Richards","C. Carlson, Wallis"
2019-11-07,Pair,2,2019-11-07:1,9,"Dethlefs, Peszek","Davison, Hack"
2019-11-07,Pair,2,2019-11-07:1,7,"DiSanto, Harrity","Davison, Hack"
2019-11-07,Pair,2,2019-11-07:1,12,"Corrigan, Miklasevich","Davison, Hack"
2019-11-07,Pair,2,2019-11-07:1,2,"Reed, Weiss","Davison, Hack"
2019-11-07,Pair,2,2019-11-07:1,19,"Davison, Hack","Richards, Wallis"
2019-11-07,Pair,2,2019-11-07:1,22,"Davison, Hack","Carlson, Dean"
2019-11-07,Pair,2,2019-11-07:1,24,"Davison, Hack","C. Carlson, Eble"
2019-11-07,Pair,2,2019-11-07:1,18,"Davison, Hack","Gaard, Grady"
2019-11-07,Pair,2,2019-11-07:1,2,"Dethlefs, Peszek","DiSanto, Harrity"
2019-11-07,Pair,2,2019-11-07:1,3,"Corrigan, Miklasevich","Dethlefs, Peszek"
2019-11-07,Pair,2,2019-11-07:1,7,"Dethlefs, Peszek","Reed, Weiss"
2019-11-07,Pair,2,2019-11-07:1,28,"Dethlefs, Peszek","Richards, Wallis"
2019-11-07,Pair,2,2019-11-07:1,31,"Dethlefs, Peszek","Carlson, Dean"
2019-11-07,Pair,2,2019-11-07:1,33,"Dethlefs, Peszek","C. Carlson, Eble"
2019-11-07,Pair,2,2019-11-07:1,27,"Dethlefs, Peszek","Gaard, Grady"
2019-11-07,Pair,2,2019-11-07:1,5,"Corrigan, Miklasevich","DiSanto, Harrity"
2019-11-07,Pair,2,2019-11-07:1,5,"DiSanto, Harrity","Reed, Weiss"
2019-11-07,Pair,2,2019-11-07:1,26,"DiSanto, Harrity","Richards, Wallis"
2019-11-07,Pair,2,2019-11-07:1,29,"DiSanto, Harrity","Carlson, Dean"
2019-11-07,Pair,2,2019-11-07:1,31,"DiSanto, Harrity","C. Carlson, Eble"
2019-11-07,Pair,2,2019-11-07:1,25,"DiSanto, Harrity","Gaard, Grady"
2019-11-07,Pair,2,2019-11-07:1,10,"Corrigan, Miklasevich","Reed, Weiss"
2019-11-07,Pair,2,2019-11-07:1,31,"Corrigan, Miklasevich","Richards, Wallis"
2019-11-07,Pair,2,2019-11-07:1,34,"Corrigan, Miklasevich","Carlson, Dean"
2019-11-07,Pair,2,2019-11-07:1,36,"Corrigan, Miklasevich","C. Carlson, Eble"
2019-11-07,Pair,2,2019-11-07:1,30,"Corrigan, Miklasevich","Gaard, Grady"
2019-11-07,Pair,2,2019-11-07:1,21,"Reed, Weiss","Richards, Wallis"
2019-11-07,Pair,2,2019-11-07:1,24,"Reed, Weiss","Carlson, Dean"
2019-11-07,Pair,2,2019-11-07:1,26,"Reed, Weiss","C. Carlson, Eble"
2019-11-07,Pair,2,2019-11-07:1,20,"Reed, Weiss","Gaard, Grady"
2019-11-07,Pair,2,2019-11-07:1,3,"Richards, Wallis","Carlson, Dean"
2019-11-07,Pair,2,2019-11-07:1,5,"Richards, Wallis","C. Carlson, Eble"
2019-11-07,Pair,2,2019-11-07:1,1,"Gaard, Grady","Richards, Wallis"
2019-11-07,Pair,2,2019-11-07:1,2,"Carlson, Dean","C. Carlson, Eble"
2019-11-07,Pair,2,2019-11-07:1,4,"Gaard, Grady","Carlson, Dean"
2019-11-07,Pair,2,2019-11-07:1,6,"Gaard, Grady","C. Carlson, Eble"
2019-11-07,Pair,2,2019-11-07:2,6,"Dethlefs, Peszek","Davison, Hack"
2019-11-07,Pair,2,2019-11-07:2,5,"DiSanto, Harrity","Davison, Hack"
2019-11-07,Pair,2,2019-11-07:2,3,"Davison, Hack","Corrigan, Miklasevich"
2019-11-07,Pair,2,2019-11-07:2,20,"Davison, Hack","Richards, Wallis"
2019-11-07,Pair,2,2019-11-07:2,29,"Davison, Hack","Carlson, Dean"
2019-11-07,Pair,2,2019-11-07:2,38,"Davison, Hack","C. Carlson, Eble"
2019-11-07,Pair,2,2019-11-07:2,16,"Davison, Hack","Gaard, Grady"
2019-11-07,Pair,2,2019-11-07:2,1,"Dethlefs, Peszek","DiSanto, Harrity"
2019-11-07,Pair,2,2019-11-07:2,9,"Dethlefs, Peszek","Corrigan, Miklasevich"
2019-11-07,Pair,2,2019-11-07:2,6,"Dethlefs, Peszek","Reed, Weiss"
2019-11-07,Pair,2,2019-11-07:2,26,"Dethlefs, Peszek","Richards, Wallis"
2019-11-07,Pair,2,2019-11-07:2,35,"Dethlefs, Peszek","Carlson, Dean"
2019-11-07,Pair,2,2019-11-07:2,44,"Dethlefs, Peszek","C. Carlson, Eble"
2019-11-07,Pair,2,2019-11-07:2,22,"Dethlefs, Peszek","Gaard, Grady"
2019-11-07,Pair,2,2019-11-07:2,8,"DiSanto, Harrity","Corrigan, Miklasevich"
2019-11-07,Pair,2,2019-11-07:2,5,"DiSanto, Harrity","Reed, Weiss"
2019-11-07,Pair,2,2019-11-07:2,25,"DiSanto, Harrity","Richards, Wallis"
2019-11-07,Pair,2,2019-11-07:2,34,"DiSanto, Harrity","Carlson, Dean"
2019-11-07,Pair,2,2019-11-07:2,43,"DiSanto, Harrity","C. Carlson, Eble"
2019-11-07,Pair,2,2019-11-07:2,21,"DiSanto, Harrity","Gaard, Grady"
2019-11-07,Pair,2,2019-11-07:2,3,"Reed, Weiss","Corrigan, Miklasevich"
2019-11-07,Pair,2,2019-11-07:2,17,"Corrigan, Miklasevich","Richards, Wallis"
2019-11-07,Pair,2,2019-11-07:2,26,"Corrigan, Miklasevich","Carlson, Dean"
2019-11-07,Pair,2,2019-11-07:2,35,"Corrigan, Miklasevich","C. Carlson, Eble"
2019-11-07,Pair,2,2019-11-07:2,13,"Corrigan, Miklasevich","Gaard, Grady"
2019-11-07,Pair,2,2019-11-07:2,20,"Reed, Weiss","Richards, Wallis"
2019-11-07,Pair,2,2019-11-07:2,29,"Reed, Weiss","Carlson, Dean"
2019-11-07,Pair,2,2019-11-07:2,38,"Reed, Weiss","C. Carlson, Eble"
2019-11-07,Pair,2,2019-11-07:2,16,"Reed, Weiss","Gaard, Grady"
2019-11-07,Pair,2,2019-11-07:2,9,"Richards, Wallis","Carlson, Dean"
2019-11-07,Pair,2,2019-11-07:2,18,"Richards, Wallis","C. Carlson, Eble"
2019-11-07,Pair,2,2019-11-07:2,4,"Gaard, Grady","Richards, Wallis"
2019-11-07,Pair,2,2019-11-07:2,9,"Carlson, Dean","C. Carlson, Eble"
2019-11-07,Pair,2,2019-11-07:2,13,"Gaard, Grady","Carlson, Dean"
2019-11-07,Pair,2,2019-11-07:2,22,"Gaard, Grady","C. Carlson, Eble"
2019-11-07,Pair,2,2019-11-07:3,12,"Dethlefs, Peszek","Davison, Hack"
2019-11-07,Pair,2,2019-11-07:3,5,"DiSanto, Harrity","Davison, Hack"
2019-11-07,Pair,2,2019-11-07:3,12,"Corrigan, Miklasevich","Davison, Hack"
2019-11-07,Pair,2,2019-11-07:3,9,"Reed, Weiss","Davison, Hack"
2019-11-07,Pair,2,2019-11-07:3,4,"Davison, Hack","Richards, Wallis"
2019-11-07,Pair,2,2019-11-07:3,21,"Davison, Hack","Carlson, Dean"
2019-11-07,Pair,2,2019-11-07:3,33,"Davison, Hack","C. Carlson, Eble"
2019-11-07,Pair,2,2019-11-07:3,15,"Davison, Hack","Gaard, Grady"
2019-11-07,Pair,2,2019-11-07:3,7,"Dethlefs, Peszek","DiSanto, Harrity"
2019-11-07,Pair,2,2019-11-07:3,3,"Dethlefs, Peszek","Reed, Weiss"
2019-11-07,Pair,2,2019-11-07:3,16,"Dethlefs, Peszek","Richards, Wallis"
2019-11-07,Pair,2,2019-11-07:3,33,"Dethlefs, Peszek","Carlson, Dean"
2019-11-07,Pair,2,2019-11-07:3,45,"Dethlefs, Peszek","C. Carlson, Eble"
2019-11-07,Pair,2,2019-11-07:3,27,"Dethlefs, Peszek","Gaard, Grady"
2019-11-07,Pair,2,2019-11-07:3,7,"Corrigan, Miklasevich","DiSanto, Harrity"
2019-11-07,Pair,2,2019-11-07:3,4,"Reed, Weiss","DiSanto, Harrity"
2019-11-07,Pair,2,2019-11-07:3,9,"DiSanto, Harrity","Richards, Wallis"
2019-11-07,Pair,2,2019-11-07:3,26,"DiSanto, Harrity","Carlson, Dean"
2019-11-07,Pair,2,2019-11-07:3,38,"DiSanto, Harrity","C. Carlson, Eble"
2019-11-07,Pair,2,2019-11-07:3,20,"DiSanto, Harrity","Gaard, Grady"
2019-11-07,Pair,2,2019-11-07:3,3,"Corrigan, Miklasevich","Reed, Weiss"
2019-11-07,Pair,2,2019-11-07:3,16,"Corrigan, Miklasevich","Richards, Wallis"
2019-11-07,Pair,2,2019-11-07:3,33,"Corrigan, Miklasevich","Carlson, Dean"
2019-11-07,Pair,2,2019-11-07:3,45,"Corrigan, Miklasevich","C. Carlson, Eble"
2019-11-07,Pair,2,2019-11-07:3,27,"Corrigan, Miklasevich","Gaard, Grady"
2019-11-07,Pair,2,2019-11-07:3,13,"Reed, Weiss","Richards, Wallis"
2019-11-07,Pair,2,2019-11-07:3,30,"Reed, Weiss","Carlson, Dean"
2019-11-07,Pair,2,2019-11-07:3,42,"Reed, Weiss","C. Carlson, Eble"
2019-11-07,Pair,2,2019-11-07:3,24,"Reed, Weiss","Gaard, Grady"
2019-11-07,Pair,2,2019-11-07:3,17,"Richards, Wallis","Carlson, Dean"
2019-11-07,Pair,2,2019-11-07:3,29,"Richards, Wallis","C. Carlson, Eble"
2019-11-07,Pair,2,2019-11-07:3,11,"Richards, Wallis","Gaard, Grady"
2019-11-07,Pair,2,2019-11-07:3,12,"Carlson, Dean","C. Carlson, Eble"
2019-11-07,Pair,2,2019-11-07:3,6,"Gaard, Grady","Carlson, Dean"
2019-11-07,Pair,2,2019-11-07:3,18,"Gaard, Grady","C. Carlson, Eble"
2019-11-14,Pair,2,2019-11-14:1,3,"Hack, Harrity","Davison, Dethlefs"
2019-11-14,Pair,2,2019-11-14:1,12,"Karwoski, Mead","Hack, Harrity"
2019-11-14,Pair,2,2019-11-14:1,9,"Hack, Harrity","Carlson, Eble"
2019-11-14,Pair,2,2019-11-14:1,1,"Hack, Harrity","Richards, Weiss"
2019-11-14,Pair,2,2019-11-14:1,18,"Hack, Harrity","C. Carlson, Dean"
2019-11-14,Pair,2,2019-11-14:1,2,"Hack, Harrity","Reed, Wallis"
2019-11-14,Pair,2,2019-11-14:1,11,"Hack, Harrity","Gaard, Miklasevich"
2019-11-14,Pair,2,2019-11-14:1,6,"Hack, Harrity","Corrigan, Grady"
2019-11-14,Pair,2,2019-11-14:1,3,"DiSanto, Peszek","Davison, Dethlefs"
2019-11-14,Pair,2,2019-11-14:1,15,"Karwoski, Mead","Davison, Dethlefs"
2019-11-14,Pair,2,2019-11-14:1,6,"Davison, Dethlefs","Carlson, Eble"
2019-11-14,Pair,2,2019-11-14:1,2,"Richards, Weiss","Davison, Dethlefs"
2019-11-14,Pair,2,2019-11-14:1,15,"Davison, Dethlefs","C. Carlson, Dean"
2019-11-14,Pair,2,2019-11-14:1,1,"Reed, Wallis","Davison, Dethlefs"
2019-11-14,Pair,2,2019-11-14:1,8,"Davison, Dethlefs","Gaard, Miklasevich"
2019-11-14,Pair,2,2019-11-14:1,3,"Davison, Dethlefs","Corrigan, Grady"
2019-11-14,Pair,2,2019-11-14:1,12,"Karwoski, Mead","DiSanto, Peszek"
2019-11-14,Pair,2,2019-11-14:1,9,"DiSanto, Peszek","Carlson, Eble"
2019-11-14,Pair,2,2019-11-14:1,1,"DiSanto, Peszek","Richards, Weiss"
2019-11-14,Pair,2,2019-11-14:1,18,"DiSanto, Peszek","C. Carlson, Dean"
2019-11-14,Pair,2,2019-11-14:1,2,"DiSanto, Peszek","Reed, Wallis"
2019-11-14,Pair,2,2019-11-14:1,11,"DiSanto, Peszek","Gaard, Miklasevich"
2019-11-14,Pair,2,2019-11-14:1,6,"DiSanto, Peszek","Corrigan, Grady"
2019-11-14,Pair,2,2019-11-14:1,21,"Karwoski, Mead","Carlson, Eble"
2019-11-14,Pair,2,2019-11-14:1,13,"Karwoski, Mead","Richards, Weiss"
2019-11-14,Pair,2,2019-11-14:1,30,"Karwoski, Mead","C. Carlson, Dean"
2019-11-14,Pair,2,2019-11-14:1,14,"Karwoski, Mead","Reed, Wallis"
2019-11-14,Pair,2,2019-11-14:1,23,"Karwoski, Mead","Gaard, Miklasevich"
2019-11-14,Pair,2,2019-11-14:1,18,"Karwoski, Mead","Corrigan, Grady"
2019-11-14,Pair,2,2019-11-14:1,8,"Richards, Weiss","Carlson, Eble"
2019-11-14,Pair,2,2019-11-14:1,9,"Carlson, Eble","C. Carlson, Dean"
2019-11-14,Pair,2,2019-11-14:1,7,"Reed, Wallis","Carlson, Eble"
2019-11-14,Pair,2,2019-11-14:1,2,"Carlson, Eble","Gaard, Miklasevich"
2019-11-14,Pair,2,2019-11-14:1,3,"Corrigan, Grady","Carlson, Eble"
2019-11-14,Pair,2,2019-11-14:1,17,"Richards, Weiss","C. Carlson, Dean"
2019-11-14,Pair,2,2019-11-14:1,1,"Richards, Weiss","Reed, Wallis"
2019-11-14,Pair,2,2019-11-14:1,10,"Richards, Weiss","Gaard, Miklasevich"
2019-11-14,Pair,2,2019-11-14:1,5,"Richards, Weiss","Corrigan, Grady"
2019-11-14,Pair,2,2019-11-14:1,16,"Reed, Wallis","C. Carlson, Dean"
2019-11-14,Pair,2,2019-11-14:1,7,"Gaard, Miklasevich","C. Carlson, Dean"
2019-11-14,Pair,2,2019-11-14:1,12,"Corrigan, Grady","C. Carlson, Dean"
2019-11-14,Pair,2,2019-11-14:1,9,"Reed, Wallis","Gaard, Miklasevich"
2019-11-14,Pair,2,2019-11-14:1,4,"Reed, Wallis","Corrigan, Grady"
2019-11-14,Pair,2,2019-11-14:1,5,"Corrigan, Grady","Gaard, Miklasevich"
2019-11-14,Pair,2,2019-11-14:2,1,"Davison, Dethlefs","Hack, Harrity"
2019-11-14,Pair,2,2019-11-14:2,1,"DiSanto, Peszek","Hack, Harrity"
2019-11-14,Pair,2,2019-11-14:2,16,"Karwoski, Mead","Hack, Harrity"
2019-11-14,Pair,2,2019-11-14:2,8,"Hack, Harrity","Carlson, Eble"
2019-11-14,Pair,2,2019-11-14:2,5,"Richards, Weiss","Hack, Harrity"
2019-11-14,Pair,2,2019-11-14:2,14,"Hack, Harrity","C. Carlson, Dean"
2019-11-14,Pair,2,2019-11-14:2,3,"Reed, Wallis","Hack, Harrity"
2019-11-14,Pair,2,2019-11-14:2,9,"Hack, Harrity","Gaard, Miklasevich"
2019-11-14,Pair,2,2019-11-14:2,1,"Corrigan, Grady","Hack, Harrity"
2019-11-14,Pair,2,2019-11-14:2,15,"Karwoski, Mead","Davison, Dethlefs"
2019-11-14,Pair,2,2019-11-14:2,9,"Davison, Dethlefs","Carlson, Eble"
2019-11-14,Pair,2,2019-11-14:2,4,"Richards, Weiss","Davison, Dethlefs"
2019-11-14,Pair,2,2019-11-14:2,15,"Davison, Dethlefs","C. Carlson, Dean"
2019-11-14,Pair,2,2019-11-14:2,2,"Reed, Wallis","Davison, Dethlefs"
2019-11-14,Pair,2,2019-11-14:2,10,"Davison, Dethlefs","Gaard, Miklasevich"
2019-11-14,Pair,2,2019-11-14:2,15,"Karwoski, Mead","DiSanto, Peszek"
2019-11-14,Pair,2,2019-11-14:2,9,"DiSanto, Peszek","Carlson, Eble"
2019-11-14,Pair,2,2019-11-14:2,4,"Richards, Weiss","DiSanto, Peszek"
2019-11-14,Pair,2,2019-11-14:2,15,"DiSanto, Peszek","C. Carlson, Dean"
2019-11-14,Pair,2,2019-11-14:2,2,"Reed, Wallis","DiSanto, Peszek"
2019-11-14,Pair,2,2019-11-14:2,10,"DiSanto, Peszek","Gaard, Miklasevich"
2019-11-14,Pair,2,2019-11-14:2,24,"Karwoski, Mead","Carlson, Eble"
2019-11-14,Pair,2,2019-11-14:2,11,"Karwoski, Mead","Richards, Weiss"
2019-11-14,Pair,2,2019-11-14:2,30,"Karwoski, Mead","C. Carlson, Dean"
2019-11-14,Pair,2,2019-11-14:2,13,"Karwoski, Mead","Reed, Wallis"
2019-11-14,Pair,2,2019-11-14:2,25,"Karwoski, Mead","Gaard, Miklasevich"
2019-11-14,Pair,2,2019-11-14:2,15,"Karwoski, Mead","Corrigan, Grady"
2019-11-14,Pair,2,2019-11-14:2,13,"Richards, Weiss","Carlson, Eble"
2019-11-14,Pair,2,2019-11-14:2,6,"Carlson, Eble","C. Carlson, Dean"
2019-11-14,Pair,2,2019-11-14:2,11,"Reed, Wallis","Carlson, Eble"
2019-11-14,Pair,2,2019-11-14:2,1,"Carlson, Eble","Gaard, Miklasevich"
2019-11-14,Pair,2,2019-11-14:2,9,"Corrigan, Grady","Carlson, Eble"
2019-11-14,Pair,2,2019-11-14:2,19,"Richards, Weiss","C. Carlson, Dean"
2019-11-14,Pair,2,2019-11-14:2,2,"Richards, Weiss","Reed, Wallis"
2019-11-14,Pair,2,2019-11-14:2,14,"Richards, Weiss","Gaard, Miklasevich"
2019-11-14,Pair,2,2019-11-14:2,4,"Richards, Weiss","Corrigan, Grady"
2019-11-14,Pair,2,2019-11-14:2,17,"Reed, Wallis","C. Carlson, Dean"
2019-11-14,Pair,2,2019-11-14:2,5,"Gaard, Miklasevich","C. Carlson, Dean"
2019-11-14,Pair,2,2019-11-14:2,15,"Corrigan, Grady","C. Carlson, Dean"
2019-11-14,Pair,2,2019-11-14:2,12,"Reed, Wallis","Gaard, Miklasevich"
2019-11-14,Pair,2,2019-11-14:2,2,"Reed, Wallis","Corrigan, Grady"
2019-11-14,Pair,2,2019-11-14:2,10,"Corrigan, Grady","Gaard, Miklasevich"
2019-11-14,Pair,2,2019-11-14:3,3,"Davison, Dethlefs","Hack, Harrity"
2019-11-14,Pair,2,2019-11-14:3,1,"DiSanto, Peszek","Hack, Harrity"
2019-11-14,Pair,2,2019-11-14:3,12,"Karwoski, Mead","Hack, Harrity"
2019-11-14,Pair,2,2019-11-14:3,13,"Hack, Harrity","Carlson, Eble"
2019-11-14,Pair,2,2019-11-14:3,1,"Hack, Harrity","Richards, Weiss"
2019-11-14,Pair,2,2019-11-14:3,39,"Hack, Harrity","C. Carlson, Dean"
2019-11-14,Pair,2,2019-11-14:3,1,"Hack, Harrity","Reed, Wallis"
2019-11-14,Pair,2,2019-11-14:3,18,"Hack, Harrity","Gaard, Miklasevich"
2019-11-14,Pair,2,2019-11-14:3,2,"Corrigan, Grady","Hack, Harrity"
2019-11-14,Pair,2,2019-11-14:3,2,"Davison, Dethlefs","DiSanto, Peszek"
2019-11-14,Pair,2,2019-11-14:3,9,"Karwoski, Mead","Davison, Dethlefs"
2019-11-14,Pair,2,2019-11-14:3,16,"Davison, Dethlefs","Carlson, Eble"
2019-11-14,Pair,2,2019-11-14:3,4,"Davison, Dethlefs","Richards, Weiss"
2019-11-14,Pair,2,2019-11-14:3,42,"Davison, Dethlefs","C. Carlson, Dean"
2019-11-14,Pair,2,2019-11-14:3,4,"Davison, Dethlefs","Reed, Wallis"
2019-11-14,Pair,2,2019-11-14:3,21,"Davison, Dethlefs","Gaard, Miklasevich"
2019-11-14,Pair,2,2019-11-14:3,1,"Davison, Dethlefs","Corrigan, Grady"
2019-11-14,Pair,2,2019-11-14:3,11,"Karwoski, Mead","DiSanto, Peszek"
2019-11-14,Pair,2,2019-11-14:3,14,"DiSanto, Peszek","Carlson, Eble"
2019-11-14,Pair,2,2019-11-14:3,2,"DiSanto, Peszek","Richards, Weiss"
2019-11-14,Pair,2,2019-11-14:3,40,"DiSanto, Peszek","C. Carlson, Dean"
2019-11-14,Pair,2,2019-11-14:3,2,"DiSanto, Peszek","Reed, Wallis"
2019-11-14,Pair,2,2019-11-14:3,19,"DiSanto, Peszek","Gaard, Miklasevich"
2019-11-14,Pair,2,2019-11-14:3,1,"Corrigan, Grady","DiSanto, Peszek"
2019-11-14,Pair,2,2019-11-14:3,25,"Karwoski, Mead","Carlson, Eble"
2019-11-14,Pair,2,2019-11-14:3,13,"Karwoski, Mead","Richards, Weiss"
2019-11-14,Pair,2,2019-11-14:3,51,"Karwoski, Mead","C. Carlson, Dean"
2019-11-14,Pair,2,2019-11-14:3,13,"Karwoski, Mead","Reed, Wallis"
2019-11-14,Pair,2,2019-11-14:3,30,"Karwoski, Mead","Gaard, Miklasevich"
2019-11-14,Pair,2,2019-11-14:3,10,"Karwoski, Mead","Corrigan, Grady"
2019-11-14,Pair,2,2019-11-14:3,12,"Richards, Weiss","Carlson, Eble"
2019-11-14,Pair,2,2019-11-14:3,26,"Carlson, Eble","C. Carlson, Dean"
2019-11-14,Pair,2,2019-11-14:3,12,"Reed, Wallis","Carlson, Eble"
2019-11-14,Pair,2,2019-11-14:3,5,"Carlson, Eble","Gaard, Miklasevich"
2019-11-14,Pair,2,2019-11-14:3,15,"Corrigan, Grady","Carlson, Eble"
2019-11-14,Pair,2,2019-11-14:3,38,"Richards, Weiss","C. Carlson, Dean"
2019-11-14,Pair,2,2019-11-14:3,17,"Richards, Weiss","Gaard, Miklasevich"
2019-11-14,Pair,2,2019-11-14:3,3,"Corrigan, Grady","Richards, Weiss"
2019-11-14,Pair,2,2019-11-14:3,38,"Reed, Wallis","C. Carlson, Dean"
2019-11-14,Pair,2,2019-11-14:3,21,"Gaard, Miklasevich","C. Carlson, Dean"
2019-11-14,Pair,2,2019-11-14:3,41,"Corrigan, Grady","C. Carlson, Dean"
2019-11-14,Pair,2,2019-11-14:3,17,"Reed, Wallis","Gaard, Miklasevich"
2019-11-14,Pair,2,2019-11-14:3,3,"Corrigan, Grady","Reed, Wallis"
2019-11-14,Pair,2,2019-11-14:3,20,"Corrigan, Grady","Gaard, Miklasevich"
2019-11-21,Pair,2,2019-11-21:1,2,"Davison, Mead","Hack, Peszek"
2019-11-21,Pair,2,2019-11-21:1,1,"Davison, Mead","DiSanto, Karwoski"
2019-11-21,Pair,2,2019-11-21:1,13,"Davison, Mead","E Carlson, Wallis"
2019-11-21,Pair,2,2019-11-21:1,9,"Davison, Mead","Eble, Reed"
2019-11-21,Pair,2,2019-11-21:1,10,"Davison, Mead","C Carlson, Weiss"
2019-11-21,Pair,2,2019-11-21:1,18,"Davison, Mead","Dean, Richards"
2019-11-21,Pair,2,2019-11-21:1,28,"Davison, Mead","Landboe, Molitor"
2019-11-21,Pair,2,2019-11-21:1,38,"Davison, Mead","Flagg, Knippen"
2019-11-21,Pair,2,2019-11-21:1,2,"Dethlefs, Harrity","Hack, Peszek"
2019-11-21,Pair,2,2019-11-21:1,1,"Dethlefs, Harrity","DiSanto, Karwoski"
2019-11-21,Pair,2,2019-11-21:1,13,"Dethlefs, Harrity","E Carlson, Wallis"
2019-11-21,Pair,2,2019-11-21:1,9,"Dethlefs, Harrity","Eble, Reed"
2019-11-21,Pair,2,2019-11-21:1,10,"Dethlefs, Harrity","C Carlson, Weiss"
2019-11-21,Pair,2,2019-11-21:1,18,"Dethlefs, Harrity","Dean, Richards"
2019-11-21,Pair,2,2019-11-21:1,28,"Dethlefs, Harrity","Landboe, Molitor"
2019-11-21,Pair,2,2019-11-21:1,38,"Dethlefs, Harrity","Flagg, Knippen"
2019-11-21,Pair,2,2019-11-21:1,1,"DiSanto, Karwoski","Hack, Peszek"
2019-11-21,Pair,2,2019-11-21:1,11,"Hack, Peszek","E Carlson, Wallis"
2019-11-21,Pair,2,2019-11-21:1,7,"Hack, Peszek","Eble, Reed"
2019-11-21,Pair,2,2019-11-21:1,8,"Hack, Peszek","C Carlson, Weiss"
2019-11-21,Pair,2,2019-11-21:1,16,"Hack, Peszek","Dean, Richards"
2019-11-21,Pair,2,2019-11-21:1,26,"Hack, Peszek","Landboe, Molitor"
2019-11-21,Pair,2,2019-11-21:1,36,"Hack, Peszek","Flagg, Knippen"
2019-11-21,Pair,2,2019-11-21:1,12,"DiSanto, Karwoski","E Carlson, Wallis"
2019-11-21,Pair,2,2019-11-21:1,8,"DiSanto, Karwoski","Eble, Reed"
2019-11-21,Pair,2,2019-11-21:1,9,"DiSanto, Karwoski","C Carlson, Weiss"
2019-11-21,Pair,2,2019-11-21:1,17,"DiSanto, Karwoski","Dean, Richards"
2019-11-21,Pair,2,2019-11-21:1,27,"DiSanto, Karwoski","Landboe, Molitor"
2019-11-21,Pair,2,2019-11-21:1,37,"DiSanto, Karwoski","Flagg, Knippen"
2019-11-21,Pair,2,2019-11-21:1,4,"Eble, Reed","E Carlson, Wallis"
2019-11-21,Pair,2,2019-11-21:1,3,"C Carlson, Weiss","E Carlson, Wallis"
2019-11-21,Pair,2,2019-11-21:1,5,"E Carlson, Wallis","Dean, Richards"
2019-11-21,Pair,2,2019-11-21:1,15,"E Carlson, Wallis","Landboe, Molitor"
2019-11-21,Pair,2,2019-11-21:1,25,"E Carlson, Wallis","Flagg, Knippen"
2019-11-21,Pair,2,2019-11-21:1,1,"Eble, Reed","C Carlson, Weiss"
2019-11-21,Pair,2,2019-11-21:1,9,"Eble, Reed","Dean, Richards"
2019-11-21,Pair,2,2019-11-21:1,19,"Eble, Reed","Landboe, Molitor"
2019-11-21,Pair,2,2019-11-21:1,29,"Eble, Reed","Flagg, Knippen"
2019-11-21,Pair,2,2019-11-21:1,8,"C Carlson, Weiss","Dean, Richards"
2019-11-21,Pair,2,2019-11-21:1,18,"C Carlson, Weiss","Landboe, Molitor"
2019-11-21,Pair,2,2019-11-21:1,28,"C Carlson, Weiss","Flagg, Knippen"
2019-11-21,Pair,2,2019-11-21:1,10,"Dean, Richards","Landboe, Molitor"
2019-11-21,Pair,2,2019-11-21:1,20,"Dean, Richards","Flagg, Knippen"
2019-11-21,Pair,2,2019-11-21:1,10,"Landboe, Molitor","Flagg, Knippen"
2019-11-21,Pair,2,2019-11-21:2,7,"Davison, Mead","Dethlefs, Harrity"
2019-11-21,Pair,2,2019-11-21:2,3,"Davison, Mead","Hack, Peszek"
2019-11-21,Pair,2,2019-11-21:2,9,"Davison, Mead","DiSanto, Karwoski"
2019-11-21,Pair,2,2019-11-21:2,2,"Davison, Mead","E Carlson, Wallis"
2019-11-21,Pair,2,2019-11-21:2,22,"Davison, Mead","Eble, Reed"
2019-11-21,Pair,2,2019-11-21:2,7,"Davison, Mead","C Carlson, Weiss"
2019-11-21,Pair,2,2019-11-21:2,28,"Davison, Mead","Dean, Richards"
2019-11-21,Pair,2,2019-11-21:2,26,"Davison, Mead","Landboe, Molitor"
2019-11-21,Pair,2,2019-11-21:2,45,"Davison, Mead","Flagg, Knippen"
2019-11-21,Pair,2,2019-11-21:2,4,"Hack, Peszek","Dethlefs, Harrity"
2019-11-21,Pair,2,2019-11-21:2,2,"Dethlefs, Harrity","DiSanto, Karwoski"
2019-11-21,Pair,2,2019-11-21:2,5,"E Carlson, Wallis","Dethlefs, Harrity"
2019-11-21,Pair,2,2019-11-21:2,15,"Dethlefs, Harrity","Eble, Reed"
2019-11-21,Pair,2,2019-11-21:2,21,"Dethlefs, Harrity","Dean, Richards"
2019-11-21,Pair,2,2019-11-21:2,19,"Dethlefs, Harrity","Landboe, Molitor"
2019-11-21,Pair,2,2019-11-21:2,38,"Dethlefs, Harrity","Flagg, Knippen"
2019-11-21,Pair,2,2019-11-21:2,6,"Hack, Peszek","DiSanto, Karwoski"
2019-11-21,Pair,2,2019-11-21:2,1,"E Carlson, Wallis","Hack, Peszek"
2019-11-21,Pair,2,2019-11-21:2,19,"Hack, Peszek","Eble, Reed"
2019-11-21,Pair,2,2019-11-21:2,4,"Hack, Peszek","C Carlson, Weiss"
2019-11-21,Pair,2,2019-11-21:2,25,"Hack, Peszek","Dean, Richards"
2019-11-21,Pair,2,2019-11-21:2,23,"Hack, Peszek","Landboe, Molitor"
2019-11-21,Pair,2,2019-11-21:2,42,"Hack, Peszek","Flagg, Knippen"
2019-11-21,Pair,2,2019-11-21:2,7,"E Carlson, Wallis","DiSanto, Karwoski"
2019-11-21,Pair,2,2019-11-21:2,13,"DiSanto, Karwoski","Eble, Reed"
2019-11-21,Pair,2,2019-11-21:2,2,"C Carlson, Weiss","DiSanto, Karwoski"
2019-11-21,Pair,2,2019-11-21:2,19,"DiSanto, Karwoski","Dean, Richards"
2019-11-21,Pair,2,2019-11-21:2,17,"DiSanto, Karwoski","Landboe, Molitor"
2019-11-21,Pair,2,2019-11-21:2,36,"DiSanto, Karwoski","Flagg, Knippen"
2019-11-21,Pair,2,2019-11-21:2,20,"E Carlson, Wallis","Eble, Reed"
2019-11-21,Pair,2,2019-11-21:2,5,"E Carlson, Wallis","C Carlson, Weiss"
2019-11-21,Pair,2,2019-11-21:2,26,"E Carlson, Wallis","Dean, Richards"
2019-11-21,Pair,2,2019-11-21:2,24,"E Carlson, Wallis","Landboe, Molitor"
2019-11-21,Pair,2,2019-11-21:2,43,"E Carlson, Wallis","Flagg, Knippen"
2019-11-21,Pair,2,2019-11-21:2,15,"C Carlson, Weiss","Eble, Reed"
2019-11-21,Pair,2,2019-11-21:2,6,"Eble, Reed","Dean, Richards"
2019-11-21,Pair,2,2019-11-21:2,4,"Eble, Reed","Landboe, Molitor"
2019-11-21,Pair,2,2019-11-21:2,23,"Eble, Reed","Flagg, Knippen"
2019-11-21,Pair,2,2019-11-21:2,21,"C Carlson, Weiss","Dean, Richards"
2019-11-21,Pair,2,2019-11-21:2,19,"C Carlson, Weiss","Landboe, Molitor"
2019-11-21,Pair,2,2019-11-21:2,38,"C Carlson, Weiss","Flagg, Knippen"
2019-11-21,Pair,2,2019-11-21:2,2,"Landboe, Molitor","Dean, Richards"
2019-11-21,Pair,2,2019-11-21:2,17,"Dean, Richards","Flagg, Knippen"
2019-11-21,Pair,2,2019-11-21:2,19,"Landboe, Molitor","Flagg, Knippen"
2019-11-21,Pair,2,2019-11-21:3,3,"Davison, Mead","Dethlefs, Harrity"
2019-11-21,Pair,2,2019-11-21:3,3,"Davison, Mead","DiSanto, Karwoski"
2019-11-21,Pair,2,2019-11-21:3,11,"Davison, Mead","E Carlson, Wallis"
2019-11-21,Pair,2,2019-11-21:3,16,"Davison, Mead","Eble, Reed"
2019-11-21,Pair,2,2019-11-21:3,18,"Davison, Mead","C Carlson, Weiss"
2019-11-21,Pair,2,2019-11-21:3,19,"Davison, Mead","Dean, Richards"
2019-11-21,Pair,2,2019-11-21:3,29,"Davison, Mead","Landboe, Molitor"
2019-11-21,Pair,2,2019-11-21:3,50,"Davison, Mead","Flagg, Knippen"
2019-11-21,Pair,2,2019-11-21:3,3,"Hack, Peszek","Dethlefs, Harrity"
2019-11-21,Pair,2,2019-11-21:3,8,"Dethlefs, Harrity","E Carlson, Wallis"
2019-11-21,Pair,2,2019-11-21:3,13,"Dethlefs, Harrity","Eble, Reed"
2019-11-21,Pair,2,2019-11-21:3,15,"Dethlefs, Harrity","C Carlson, Weiss"
2019-11-21,Pair,2,2019-11-21:3,16,"Dethlefs, Harrity","Dean, Richards"
2019-11-21,Pair,2,2019-11-21:3,26,"Dethlefs, Harrity","Landboe, Molitor"
2019-11-21,Pair,2,2019-11-21:3,47,"Dethlefs, Harrity","Flagg, Knippen"
2019-11-21,Pair,2,2019-11-21:3,3,"Hack, Peszek","DiSanto, Karwoski"
2019-11-21,Pair,2,2019-11-21:3,11,"Hack, Peszek","E Carlson, Wallis"
2019-11-21,Pair,2,2019-11-21:3,16,"Hack, Peszek","Eble, Reed"
2019-11-21,Pair,2,2019-11-21:3,18,"Hack, Peszek","C Carlson, Weiss"
2019-11-21,Pair,2,2019-11-21:3,19,"Hack, Peszek","Dean, Richards"
2019-11-21,Pair,2,2019-11-21:3,29,"Hack, Peszek","Landboe, Molitor"
2019-11-21,Pair,2,2019-11-21:3,50,"Hack, Peszek","Flagg, Knippen"
2019-11-21,Pair,2,2019-11-21:3,8,"DiSanto, Karwoski","E Carlson, Wallis"
2019-11-21,Pair,2,2019-11-21:3,13,"DiSanto, Karwoski","Eble, Reed"
2019-11-21,Pair,2,2019-11-21:3,15,"DiSanto, Karwoski","C Carlson, Weiss"
2019-11-21,Pair,2,2019-11-21:3,16,"DiSanto, Karwoski","Dean, Richards"
2019-11-21,Pair,2,2019-11-21:3,26,"DiSanto, Karwoski","Landboe, Molitor"
2019-11-21,Pair,2,2019-11-21:3,47,"DiSanto, Karwoski","Flagg, Knippen"
2019-11-21,Pair,2,2019-11-21:3,5,"E Carlson, Wallis","Eble, Reed"
2019-11-21,Pair,2,2019-11-21:3,7,"E Carlson, Wallis","C Carlson, Weiss"
2019-11-21,Pair,2,2019-11-21:3,8,"E Carlson, Wallis","Dean, Richards"
2019-11-21,Pair,2,2019-11-21:3,18,"E Carlson, Wallis","Landboe, Molitor"
2019-11-21,Pair,2,2019-11-21:3,39,"E Carlson, Wallis","Flagg, Knippen"
2019-11-21,Pair,2,2019-11-21:3,2,"Eble, Reed","C Carlson, Weiss"
2019-11-21,Pair,2,2019-11-21:3,3,"Eble, Reed","Dean, Richards"
2019-11-21,Pair,2,2019-11-21:3,13,"Eble, Reed","Landboe, Molitor"
2019-11-21,Pair,2,2019-11-21:3,34,"Eble, Reed","Flagg, Knippen"
2019-11-21,Pair,2,2019-11-21:3,1,"C Carlson, Weiss","Dean, Richards"
2019-11-21,Pair,2,2019-11-21:3,11,"C Carlson, Weiss","Landboe, Molitor"
2019-11-21,Pair,2,2019-11-21:3,32,"C Carlson, Weiss","Flagg, Knippen"
2019-11-21,Pair,2,2019-11-21:3,10,"Dean, Richards","Landboe, Molitor"
2019-11-21,Pair,2,2019-11-21:3,31,"Dean, Richards","Flagg, Knippen"
2019-11-21,Pair,2,2019-11-21:3,21,"Landboe, Molitor","Flagg, Knippen"
2019-11-23,Eight,8,2019-11-23:1,2,"Davison, Dethlefs, Hack, Harrity, Karwoski, Mead, Richards, Wallis","Corrigan, Eble, Grady, Landboe, Miklasevich, Peszek, Reed, Weiss"
2019-11-23,Eight,8,2019-11-23:2,1.4,"Corrigan, Davison, Dethlefs, Harrity, Karwoski, Mead, Miklasevich, Wallis","Eble, Grady, Hack, Landboe, Peszek, Reed, Richards, Weiss"
2019-11-23,Eight,8,2019-11-23:3,7.8,"Corrigan, Davison, Dethlefs, Harrity, Karwoski, Mead, Miklasevich, Wallis","Eble, Grady, Hack, Landboe, Peszek, Reed, Richards, Weiss"
2019-12-11,Four,4,2019-12-11:1,8,"DiSanto, Hack, Karwoski, Reed","Dethlefs, Eble, Harrity, Richards"
2019-12-11,Four,4,2019-12-11:1,3,"Carlson, Mead, Peszek, Weiss","Dethlefs, Eble, Harrity, Richards"
2019-12-11,Four,4,2019-12-11:1,6,"Dethlefs, Eble, Harrity, Richards","Corrigan, Davison, Miklasevich, Wallis"
2019-12-11,Four,4,2019-12-11:1,60,"Dethlefs, Eble, Harrity, Richards","Flagg, Gaard, Grady, Knippen"
2019-12-11,Four,4,2019-12-11:1,5,"DiSanto, Hack, Karwoski, Reed","Carlson, Mead, Peszek, Weiss"
2019-12-11,Four,4,2019-12-11:1,14,"DiSanto, Hack, Karwoski, Reed","Corrigan, Davison, Miklasevich, Wallis"
2019-12-11,Four,4,2019-12-11:1,68,"DiSanto, Hack, Karwoski, Reed","Flagg, Gaard, Grady, Knippen"
2019-12-11,Four,4,2019-12-11:1,9,"Carlson, Mead, Peszek, Weiss","Corrigan, Davison, Miklasevich, Wallis"
2019-12-11,Four,4,2019-12-11:1,63,"Carlson, Mead, Peszek, Weiss","Flagg, Gaard, Grady, Knippen"
2019-12-11,Four,4,2019-12-11:1,54,"Corrigan, Davison, Miklasevich, Wallis","Flagg, Gaard, Grady, Knippen"
2019-12-11,Four,4,2019-12-11:2,12,"DiSanto, Hack, Karwoski, Reed","Dethlefs, Eble, Harrity, Richards"
2019-12-11,Four,4,2019-12-11:2,11,"Carlson, Mead, Peszek, Weiss","Dethlefs, Eble, Harrity, Richards"
2019-12-11,Four,4,2019-12-11:2,2,"Corrigan, Davison, Miklasevich, Wallis","Dethlefs, Eble, Harrity, Richards"
2019-12-11,Four,4,2019-12-11:2,55,"Dethlefs, Eble, Harrity, Richards","Flagg, Gaard, Grady, Knippen"
2019-12-11,Four,4,2019-12-11:2,1,"DiSanto, Hack, Karwoski, Reed","Carlson, Mead, Peszek, Weiss"
2019-12-11,Four,4,2019-12-11:2,10,"DiSanto, Hack, Karwoski, Reed","Corrigan, Davison, Miklasevich, Wallis"
2019-12-11,Four,4,2019-12-11:2,67,"DiSanto, Hack, Karwoski, Reed","Flagg, Gaard, Grady, Knippen"
2019-12-11,Four,4,2019-12-11:2,9,"Carlson, Mead, Peszek, Weiss","Corrigan, Davison, Miklasevich, Wallis"
2019-12-11,Four,4,2019-12-11:2,66,"Carlson, Mead, Peszek, Weiss","Flagg, Gaard, Grady, Knippen"
2019-12-11,Four,4,2019-12-11:2,57,"Corrigan, Davison, Miklasevich, Wallis","Flagg, Gaard, Grady, Knippen"
2019-12-11,Four,4,2019-12-11:3,15,"DiSanto, Hack, Karwoski, Reed","Dethlefs, Eble, Harrity, Richards"
2019-12-11,Four,4,2019-12-11:3,20,"Carlson, Mead, Peszek, Weiss","Dethlefs, Eble, Harrity, Richards"
2019-12-11,Four,4,2019-12-11:3,5,"Corrigan, Davison, Miklasevich, Wallis","Dethlefs, Eble, Harrity, Richards"
2019-12-11,Four,4,2019-12-11:3,59,"Dethlefs, Eble, Harrity, Richards","Clougher, Flagg, Gaard, Grady"
2019-12-11,Four,4,2019-12-11:3,5,"Carlson, Mead, Peszek, Weiss","DiSanto, Hack, Karwoski, Reed"
2019-12-11,Four,4,2019-12-11:3,10,"DiSanto, Hack, Karwoski, Reed","Corrigan, Davison, Miklasevich, Wallis"
2019-12-11,Four,4,2019-12-11:3,74,"DiSanto, Hack, Karwoski, Reed","Clougher, Flagg, Gaard, Grady"
2019-12-11,Four,4,2019-12-11:3,15,"Carlson, Mead, Peszek, Weiss","Corrigan, Davison, Miklasevich, Wallis"
2019-12-11,Four,4,2019-12-11:3,79,"Carlson, Mead, Peszek, Weiss","Clougher, Flagg, Gaard, Grady"
2019-12-11,Four,4,2019-12-11:3,64,"Corrigan, Davison, Miklasevich, Wallis","Clougher, Flagg, Gaard, Grady"
2019-12-18,Four,4,2019-12-18:1,2,"Hack, Karwoski, Mead, Richards","DiSanto, Eble, Harrity, Reed"
2019-12-18,Four,4,2019-12-18:1,1,"Dethlefs, Miklasevich, Peszek, Weiss","Hack, Karwoski, Mead, Richards"
2019-12-18,Four,4,2019-12-18:1,36,"Hack, Karwoski, Mead, Richards","Carlson, Corrigan, Davison, Wallis"
2019-12-18,Four,4,2019-12-18:1,44,"Hack, Karwoski, Mead, Richards","Flagg, Gaard, Grady, Knippen"
2019-12-18,Four,4,2019-12-18:1,3,"Dethlefs, Miklasevich, Peszek, Weiss","DiSanto, Eble, Harrity, Reed"
2019-12-18,Four,4,2019-12-18:1,34,"DiSanto, Eble, Harrity, Reed","Carlson, Corrigan, Davison, Wallis"
2019-12-18,Four,4,2019-12-18:1,42,"DiSanto, Eble, Harrity, Reed","Flagg, Gaard, Grady, Knippen"
2019-12-18,Four,4,2019-12-18:1,37,"Dethlefs, Miklasevich, Peszek, Weiss","Carlson, Corrigan, Davison, Wallis"
2019-12-18,Four,4,2019-12-18:1,45,"Dethlefs, Miklasevich, Peszek, Weiss","Flagg, Gaard, Grady, Knippen"
2019-12-18,Four,4,2019-12-18:1,8,"Carlson, Corrigan, Davison, Wallis","Flagg, Gaard, Grady, Knippen"
2019-12-18,Four,4,2019-12-18:2,6,"DiSanto, Eble, Harrity, Reed","Hack, Karwoski, Mead, Richards"
2019-12-18,Four,4,2019-12-18:2,3,"Dethlefs, Miklasevich, Peszek, Weiss","Hack, Karwoski, Mead, Richards"
2019-12-18,Four,4,2019-12-18:2,3,"DiSanto, Eble, Harrity, Reed","Dethlefs, Miklasevich, Peszek, Weiss"
2019-12-18,Four,4,2019-12-18:3,2,"Hack, Karwoski, Mead, Richards","DiSanto, Eble, Harrity, Reed"
2019-12-18,Four,4,2019-12-18:3,2,"Dethlefs, Miklasevich, Peszek, Weiss","Hack, Karwoski, Mead, Richards"
2019-12-18,Four,4,2019-12-18:3,4,"Dethlefs, Miklasevich, Peszek, Weiss","DiSanto, Eble, Harrity, Reed"
2020-01-08,Pair,2,2020-01-08:1,7,"Dethlefs, Reed","Karwoski, Mead"
2020-01-08,Pair,2,2020-01-08:1,12,"Dethlefs, Reed","Peszek, Weiss"
2020-01-08,Pair,2,2020-01-08:1,12,"Dethlefs, Reed","C Carlson, Corrigan"
2020-01-08,Pair,2,2020-01-08:1,24,"Dethlefs, Reed","Ezra, Wallis"
2020-01-08,Pair,2,2020-01-08:1,14,"Dethlefs, Reed","Davison, Hack"
2020-01-08,Pair,2,2020-01-08:1,14,"Dethlefs, Reed","DiSanto, Harrity"
2020-01-08,Pair,2,2020-01-08:1,28,"Dethlefs, Reed","Dean, Richards"
2020-01-08,Pair,2,2020-01-08:1,35,"Dethlefs, Reed","Flagg, Knippen"
2020-01-08,Pair,2,2020-01-08:1,33,"Dethlefs, Reed","Eble, Grady"
2020-01-08,Pair,2,2020-01-08:1,5,"Karwoski, Mead","Peszek, Weiss"
2020-01-08,Pair,2,2020-01-08:1,5,"Karwoski, Mead","C Carlson, Corrigan"
2020-01-08,Pair,2,2020-01-08:1,17,"Karwoski, Mead","Ezra, Wallis"
2020-01-08,Pair,2,2020-01-08:1,7,"Karwoski, Mead","Davison, Hack"
2020-01-08,Pair,2,2020-01-08:1,7,"Karwoski, Mead","DiSanto, Harrity"
2020-01-08,Pair,2,2020-01-08:1,21,"Karwoski, Mead","Dean, Richards"
2020-01-08,Pair,2,2020-01-08:1,28,"Karwoski, Mead","Flagg, Knippen"
2020-01-08,Pair,2,2020-01-08:1,26,"Karwoski, Mead","Eble, Grady"
2020-01-08,Pair,2,2020-01-08:1,12,"Peszek, Weiss","Ezra, Wallis"
2020-01-08,Pair,2,2020-01-08:1,2,"Peszek, Weiss","Davison, Hack"
2020-01-08,Pair,2,2020-01-08:1,2,"Peszek, Weiss","DiSanto, Harrity"
2020-01-08,Pair,2,2020-01-08:1,16,"Peszek, Weiss","Dean, Richards"
2020-01-08,Pair,2,2020-01-08:1,23,"Peszek, Weiss","Flagg, Knippen"
2020-01-08,Pair,2,2020-01-08:1,21,"Peszek, Weiss","Eble, Grady"
2020-01-08,Pair,2,2020-01-08:1,12,"C Carlson, Corrigan","Ezra, Wallis"
2020-01-08,Pair,2,2020-01-08:1,2,"C Carlson, Corrigan","Davison, Hack"
2020-01-08,Pair,2,2020-01-08:1,2,"C Carlson, Corrigan","DiSanto, Harrity"
2020-01-08,Pair,2,2020-01-08:1,16,"C Carlson, Corrigan","Dean, Richards"
2020-01-08,Pair,2,2020-01-08:1,23,"C Carlson, Corrigan","Flagg, Knippen"
2020-01-08,Pair,2,2020-01-08:1,21,"C Carlson, Corrigan","Eble, Grady"
2020-01-08,Pair,2,2020-01-08:1,10,"Davison, Hack","Ezra, Wallis"
2020-01-08,Pair,2,2020-01-08:1,10,"DiSanto, Harrity","Ezra, Wallis"
2020-01-08,Pair,2,2020-01-08:1,4,"Ezra, Wallis","Dean, Richards"
2020-01-08,Pair,2,2020-01-08:1,11,"Ezra, Wallis","Flagg, Knippen"
2020-01-08,Pair,2,2020-01-08:1,9,"Ezra, Wallis","Eble, Grady"
2020-01-08,Pair,2,2020-01-08:1,14,"Davison, Hack","Dean, Richards"
2020-01-08,Pair,2,2020-01-08:1,21,"Davison, Hack","Flagg, Knippen"
2020-01-08,Pair,2,2020-01-08:1,19,"Davison, Hack","Eble, Grady"
2020-01-08,Pair,2,2020-01-08:1,14,"DiSanto, Harrity","Dean, Richards"
2020-01-08,Pair,2,2020-01-08:1,21,"DiSanto, Harrity","Flagg, Knippen"
2020-01-08,Pair,2,2020-01-08:1,19,"DiSanto, Harrity","Eble, Grady"
2020-01-08,Pair,2,2020-01-08:1,7,"Dean, Richards","Flagg, Knippen"
2020-01-08,Pair,2,2020-01-08:1,5,"Dean, Richards","Eble, Grady"
2020-01-08,Pair,2,2020-01-08:1,2,"Eble, Grady","Flagg, Knippen"
2020-01-08,Pair,2,2020-01-08:2,5,"Karwoski, Mead","Dethlefs, Reed"
2020-01-08,Pair,2,2020-01-08:2,1,"Dethlefs, Reed","Peszek, Weiss"
2020-01-08,Pair,2,2020-01-08:2,2,"Dethlefs, Reed","C Carlson, Corrigan"
2020-01-08,Pair,2,2020-01-08:2,12,"Dethlefs, Reed","Ezra, Wallis"
2020-01-08,Pair,2,2020-01-08:2,9,"Dethlefs, Reed","Davison, Hack"
2020-01-08,Pair,2,2020-01-08:2,11,"Dethlefs, Reed","DiSanto, Harrity"
2020-01-08,Pair,2,2020-01-08:2,20,"Dethlefs, Reed","Dean, Richards"
2020-01-08,Pair,2,2020-01-08:2,25,"Dethlefs, Reed","Flagg, Knippen"
2020-01-08,Pair,2,2020-01-08:2,29,"Dethlefs, Reed","Eble, Grady"
2020-01-08,Pair,2,2020-01-08:2,6,"Karwoski, Mead","Peszek, Weiss"
2020-01-08,Pair,2,2020-01-08:2,7,"Karwoski, Mead","C Carlson, Corrigan"
2020-01-08,Pair,2,2020-01-08:2,17,"Karwoski, Mead","Ezra, Wallis"
2020-01-08,Pair,2,2020-01-08:2,14,"Karwoski, Mead","Davison, Hack"
2020-01-08,Pair,2,2020-01-08:2,16,"Karwoski, Mead","DiSanto, Harrity"
2020-01-08,Pair,2,2020-01-08:2,25,"Karwoski, Mead","Dean, Richards"
2020-01-08,Pair,2,2020-01-08:2,30,"Karwoski, Mead","Flagg, Knippen"
2020-01-08,Pair,2,2020-01-08:2,34,"Karwoski, Mead","Eble, Grady"
2020-01-08,Pair,2,2020-01-08:2,1,"Peszek, Weiss","C Carlson, Corrigan"
2020-01-08,Pair,2,2020-01-08:2,11,"Peszek, Weiss","Ezra, Wallis"
2020-01-08,Pair,2,2020-01-08:2,8,"Peszek, Weiss","Davison, Hack"
2020-01-08,Pair,2,2020-01-08:2,10,"Peszek, Weiss","DiSanto, Harrity"
2020-01-08,Pair,2,2020-01-08:2,19,"Peszek, Weiss","Dean, Richards"
2020-01-08,Pair,2,2020-01-08:2,24,"Peszek, Weiss","Flagg, Knippen"
2020-01-08,Pair,2,2020-01-08:2,28,"Peszek, Weiss","Eble, Grady"
2020-01-08,Pair,2,2020-01-08:2,10,"C Carlson, Corrigan","Ezra, Wallis"
2020-01-08,Pair,2,2020-01-08:2,7,"C Carlson, Corrigan","Davison, Hack"
2020-01-08,Pair,2,2020-01-08:2,9,"C Carlson, Corrigan","DiSanto, Harrity"
2020-01-08,Pair,2,2020-01-08:2,18,"C Carlson, Corrigan","Dean, Richards"
2020-01-08,Pair,2,2020-01-08:2,23,"C Carlson, Corrigan","Flagg, Knippen"
2020-01-08,Pair,2,2020-01-08:2,27,"C Carlson, Corrigan","Eble, Grady"
2020-01-08,Pair,2,2020-01-08:2,3,"Davison, Hack","Ezra, Wallis"
2020-01-08,Pair,2,2020-01-08:2,1,"DiSanto, Harrity","Ezra, Wallis"
2020-01-08,Pair,2,2020-01-08:2,8,"Ezra, Wallis","Dean, Richards"
2020-01-08,Pair,2,2020-01-08:2,13,"Ezra, Wallis","Flagg, Knippen"
2020-01-08,Pair,2,2020-01-08:2,17,"Ezra, Wallis","Eble, Grady"
2020-01-08,Pair,2,2020-01-08:2,2,"Davison, Hack","DiSanto, Harrity"
2020-01-08,Pair,2,2020-01-08:2,11,"Davison, Hack","Dean, Richards"
2020-01-08,Pair,2,2020-01-08:2,16,"Davison, Hack","Flagg, Knippen"
2020-01-08,Pair,2,2020-01-08:2,20,"Davison, Hack","Eble, Grady"
2020-01-08,Pair,2,2020-01-08:2,9,"DiSanto, Harrity","Dean, Richards"
2020-01-08,Pair,2,2020-01-08:2,14,"DiSanto, Harrity","Flagg, Knippen"
2020-01-08,Pair,2,2020-01-08:2,18,"DiSanto, Harrity","Eble, Grady"
2020-01-08,Pair,2,2020-01-08:2,5,"Dean, Richards","Flagg, Knippen"
2020-01-08,Pair,2,2020-01-08:2,9,"Dean, Richards","Eble, Grady"
2020-01-08,Pair,2,2020-01-08:2,4,"Flagg, Knippen","Eble, Grady"
2020-01-08,Pair,2,2020-01-08:3,5,"Dethlefs, Reed","Karwoski, Mead"
2020-01-08,Pair,2,2020-01-08:3,1,"Peszek, Weiss","Dethlefs, Reed"
2020-01-08,Pair,2,2020-01-08:3,4,"Dethlefs, Reed","C Carlson, Corrigan"
2020-01-08,Pair,2,2020-01-08:3,20,"Dethlefs, Reed","Ezra, Wallis"
2020-01-08,Pair,2,2020-01-08:3,10,"Dethlefs, Reed","Davison, Hack"
2020-01-08,Pair,2,2020-01-08:3,14,"Dethlefs, Reed","DiSanto, Harrity"
2020-01-08,Pair,2,2020-01-08:3,18,"Dethlefs, Reed","Dean, Richards"
2020-01-08,Pair,2,2020-01-08:3,25,"Dethlefs, Reed","Flagg, Knippen"
2020-01-08,Pair,2,2020-01-08:3,37,"Dethlefs, Reed","Eble, Grady"
2020-01-08,Pair,2,2020-01-08:3,6,"Peszek, Weiss","Karwoski, Mead"
2020-01-08,Pair,2,2020-01-08:3,1,"C Carlson, Corrigan","Karwoski, Mead"
2020-01-08,Pair,2,2020-01-08:3,15,"Karwoski, Mead","Ezra, Wallis"
2020-01-08,Pair,2,2020-01-08:3,5,"Karwoski, Mead","Davison, Hack"
2020-01-08,Pair,2,2020-01-08:3,9,"Karwoski, Mead","DiSanto, Harrity"
2020-01-08,Pair,2,2020-01-08:3,13,"Karwoski, Mead","Dean, Richards"
2020-01-08,Pair,2,2020-01-08:3,20,"Karwoski, Mead","Flagg, Knippen"
2020-01-08,Pair,2,2020-01-08:3,32,"Karwoski, Mead","Eble, Grady"
2020-01-08,Pair,2,2020-01-08:3,5,"Peszek, Weiss","C Carlson, Corrigan"
2020-01-08,Pair,2,2020-01-08:3,21,"Peszek, Weiss","Ezra, Wallis"
2020-01-08,Pair,2,2020-01-08:3,11,"Peszek, Weiss","Davison, Hack"
2020-01-08,Pair,2,2020-01-08:3,15,"Peszek, Weiss","DiSanto, Harrity"
2020-01-08,Pair,2,2020-01-08:3,19,"Peszek, Weiss","Dean, Richards"
2020-01-08,Pair,2,2020-01-08:3,26,"Peszek, Weiss","Flagg, Knippen"
2020-01-08,Pair,2,2020-01-08:3,38,"Peszek, Weiss","Eble, Grady"
2020-01-08,Pair,2,2020-01-08:3,16,"C Carlson, Corrigan","Ezra, Wallis"
2020-01-08,Pair,2,2020-01-08:3,6,"C Carlson, Corrigan","Davison, Hack"
2020-01-08,Pair,2,2020-01-08:3,10,"C Carlson, Corrigan","DiSanto, Harrity"
2020-01-08,Pair,2,2020-01-08:3,14,"C Carlson, Corrigan","Dean, Richards"
2020-01-08,Pair,2,2020-01-08:3,21,"C Carlson, Corrigan","Flagg, Knippen"
2020-01-08,Pair,2,2020-01-08:3,33,"C Carlson, Corrigan","Eble, Grady"
2020-01-08,Pair,2,2020-01-08:3,10,"Davison, Hack","Ezra, Wallis"
2020-01-08,Pair,2,2020-01-08:3,6,"DiSanto, Harrity","Ezra, Wallis"
2020-01-08,Pair,2,2020-01-08:3,2,"Dean, Richards","Ezra, Wallis"
2020-01-08,Pair,2,2020-01-08:3,5,"Ezra, Wallis","Flagg, Knippen"
2020-01-08,Pair,2,2020-01-08:3,17,"Ezra, Wallis","Eble, Grady"
2020-01-08,Pair,2,2020-01-08:3,4,"Davison, Hack","DiSanto, Harrity"
2020-01-08,Pair,2,2020-01-08:3,8,"Davison, Hack","Dean, Richards"
2020-01-08,Pair,2,2020-01-08:3,15,"Davison, Hack","Flagg, Knippen"
2020-01-08,Pair,2,2020-01-08:3,27,"Davison, Hack","Eble, Grady"
2020-01-08,Pair,2,2020-01-08:3,4,"DiSanto, Harrity","Dean, Richards"
2020-01-08,Pair,2,2020-01-08:3,11,"DiSanto, Harrity","Flagg, Knippen"
2020-01-08,Pair,2,2020-01-08:3,23,"DiSanto, Harrity","Eble, Grady"
2020-01-08,Pair,2,2020-01-08:3,7,"Dean, Richards","Flagg, Knippen"
2020-01-08,Pair,2,2020-01-08:3,19,"Dean, Richards","Eble, Grady"
2020-01-08,Pair,2,2020-01-08:3,12,"Flagg, Knippen","Eble, Grady"
2020-01-11,Pair,2,2020-01-11:1,12,"Peszek, Wallis","C Carlson, Dethlefs"
2020-01-11,Pair,2,2020-01-11:1,10,"Corrigan, E Carlson","C Carlson, Dethlefs"
2020-01-11,Pair,2,2020-01-11:1,13,"Karwoski, Weiss","C Carlson, Dethlefs"
2020-01-11,Pair,2,2020-01-11:1,2,"Davison, DiSanto","C Carlson, Dethlefs"
2020-01-11,Pair,2,2020-01-11:1,3,"C Carlson, Dethlefs","Hack, Harrity"
2020-01-11,Pair,2,2020-01-11:1,6,"C Carlson, Dethlefs","Eble, Richards"
2020-01-11,Pair,2,2020-01-11:1,11,"C Carlson, Dethlefs","Flagg, Grady"
2020-01-11,Pair,2,2020-01-11:1,5,"C Carlson, Dethlefs","Dean, Knippen"
2020-01-11,Pair,2,2020-01-11:1,2,"Peszek, Wallis","Corrigan, E Carlson"
2020-01-11,Pair,2,2020-01-11:1,1,"Karwoski, Weiss","Peszek, Wallis"
2020-01-11,Pair,2,2020-01-11:1,10,"Peszek, Wallis","Davison, DiSanto"
2020-01-11,Pair,2,2020-01-11:1,15,"Peszek, Wallis","Hack, Harrity"
2020-01-11,Pair,2,2020-01-11:1,18,"Peszek, Wallis","Eble, Richards"
2020-01-11,Pair,2,2020-01-11:1,23,"Peszek, Wallis","Flagg, Grady"
2020-01-11,Pair,2,2020-01-11:1,17,"Peszek, Wallis","Dean, Knippen"
2020-01-11,Pair,2,2020-01-11:1,3,"Karwoski, Weiss","Corrigan, E Carlson"
2020-01-11,Pair,2,2020-01-11:1,8,"Corrigan, E Carlson","Davison, DiSanto"
2020-01-11,Pair,2,2020-01-11:1,13,"Corrigan, E Carlson","Hack, Harrity"
2020-01-11,Pair,2,2020-01-11:1,16,"Corrigan, E Carlson","Eble, Richards"
2020-01-11,Pair,2,2020-01-11:1,21,"Corrigan, E Carlson","Flagg, Grady"
2020-01-11,Pair,2,2020-01-11:1,15,"Corrigan, E Carlson","Dean, Knippen"
2020-01-11,Pair,2,2020-01-11:1,11,"Karwoski, Weiss","Davison, DiSanto"
2020-01-11,Pair,2,2020-01-11:1,16,"Karwoski, Weiss","Hack, Harrity"
2020-01-11,Pair,2,2020-01-11:1,19,"Karwoski, Weiss","Eble, Richards"
2020-01-11,Pair,2,2020-01-11:1,24,"Karwoski, Weiss","Flagg, Grady"
2020-01-11,Pair,2,2020-01-11:1,18,"Karwoski, Weiss","Dean, Knippen"
2020-01-11,Pair,2,2020-01-11:1,5,"Davison, DiSanto","Hack, Harrity"
2020-01-11,Pair,2,2020-01-11:1,8,"Davison, DiSanto","Eble, Richards"
2020-01-11,Pair,2,2020-01-11:1,13,"Davison, DiSanto","Flagg, Grady"
2020-01-11,Pair,2,2020-01-11:1,7,"Davison, DiSanto","Dean, Knippen"
2020-01-11,Pair,2,2020-01-11:1,3,"Hack, Harrity","Eble, Richards"
2020-01-11,Pair,2,2020-01-11:1,8,"Hack, Harrity","Flagg, Grady"
2020-01-11,Pair,2,2020-01-11:1,2,"Hack, Harrity","Dean, Knippen"
2020-01-11,Pair,2,2020-01-11:1,5,"Eble, Richards","Flagg, Grady"
2020-01-11,Pair,2,2020-01-11:1,1,"Dean, Knippen","Eble, Richards"
2020-01-11,Pair,2,2020-01-11:1,6,"Dean, Knippen","Flagg, Grady"
2020-01-11,Pair,2,2020-01-11:2,9,"Peszek, Wallis","C Carlson, Dethlefs"
2020-01-11,Pair,2,2020-01-11:2,9,"Corrigan, E Carlson","C Carlson, Dethlefs"
2020-01-11,Pair,2,2020-01-11:2,2,"Karwoski, Weiss","C Carlson, Dethlefs"
2020-01-11,Pair,2,2020-01-11:2,8,"C Carlson, Dethlefs","Davison, DiSanto"
2020-01-11,Pair,2,2020-01-11:2,7,"C Carlson, Dethlefs","Hack, Harrity"
2020-01-11,Pair,2,2020-01-11:2,7,"C Carlson, Dethlefs","Eble, Richards"
2020-01-11,Pair,2,2020-01-11:2,17,"C Carlson, Dethlefs","Flagg, Grady"
2020-01-11,Pair,2,2020-01-11:2,24,"C Carlson, Dethlefs","Dean, Knippen"
2020-01-11,Pair,2,2020-01-11:2,7,"Peszek, Wallis","Karwoski, Weiss"
2020-01-11,Pair,2,2020-01-11:2,17,"Peszek, Wallis","Davison, DiSanto"
2020-01-11,Pair,2,2020-01-11:2,16,"Peszek, Wallis","Hack, Harrity"
2020-01-11,Pair,2,2020-01-11:2,16,"Peszek, Wallis","Eble, Richards"
2020-01-11,Pair,2,2020-01-11:2,26,"Peszek, Wallis","Flagg, Grady"
2020-01-11,Pair,2,2020-01-11:2,33,"Peszek, Wallis","Dean, Knippen"
2020-01-11,Pair,2,2020-01-11:2,7,"Corrigan, E Carlson","Karwoski, Weiss"
2020-01-11,Pair,2,2020-01-11:2,17,"Corrigan, E Carlson","Davison, DiSanto"
2020-01-11,Pair,2,2020-01-11:2,16,"Corrigan, E Carlson","Hack, Harrity"
2020-01-11,Pair,2,2020-01-11:2,16,"Corrigan, E Carlson","Eble, Richards"
2020-01-11,Pair,2,2020-01-11:2,26,"Corrigan, E Carlson","Flagg, Grady"
2020-01-11,Pair,2,2020-01-11:2,33,"Corrigan, E Carlson","Dean, Knippen"
2020-01-11,Pair,2,2020-01-11:2,10,"Karwoski, Weiss","Davison, DiSanto"
2020-01-11,Pair,2,2020-01-11:2,9,"Karwoski, Weiss","Hack, Harrity"
2020-01-11,Pair,2,2020-01-11:2,9,"Karwoski, Weiss","Eble, Richards"
2020-01-11,Pair,2,2020-01-11:2,19,"Karwoski, Weiss","Flagg, Grady"
2020-01-11,Pair,2,2020-01-11:2,26,"Karwoski, Weiss","Dean, Knippen"
2020-01-11,Pair,2,2020-01-11:2,1,"Hack, Harrity","Davison, DiSanto"
2020-01-11,Pair,2,2020-01-11:2,1,"Eble, Richards","Davison, DiSanto"
2020-01-11,Pair,2,2020-01-11:2,9,"Davison, DiSanto","Flagg, Grady"
2020-01-11,Pair,2,2020-01-11:2,16,"Davison, DiSanto","Dean, Knippen"
2020-01-11,Pair,2,2020-01-11:2,10,"Hack, Harrity","Flagg, Grady"
2020-01-11,Pair,2,2020-01-11:2,17,"Hack, Harrity","Dean, Knippen"
2020-01-11,Pair,2,2020-01-11:2,10,"Eble, Richards","Flagg, Grady"
2020-01-11,Pair,2,2020-01-11:2,17,"Eble, Richards","Dean, Knippen"
2020-01-11,Pair,2,2020-01-11:2,7,"Flagg, Grady","Dean, Knippen"
2020-01-11,Pair,2,2020-01-11:3,7,"Peszek, Wallis","C Carlson, Dethlefs"
2020-01-11,Pair,2,2020-01-11:3,7,"Karwoski, Weiss","C Carlson, Dethlefs"
2020-01-11,Pair,2,2020-01-11:3,7,"C Carlson, Dethlefs","Davison, DiSanto"
2020-01-11,Pair,2,2020-01-11:3,12,"C Carlson, Dethlefs","Hack, Harrity"
2020-01-11,Pair,2,2020-01-11:3,18,"C Carlson, Dethlefs","Eble, Richards"
2020-01-11,Pair,2,2020-01-11:3,20,"C Carlson, Dethlefs","Flagg, Grady"
2020-01-11,Pair,2,2020-01-11:3,26,"C Carlson, Dethlefs","Dean, Knippen"
2020-01-11,Pair,2,2020-01-11:3,7,"Peszek, Wallis","Corrigan, E Carlson"
2020-01-11,Pair,2,2020-01-11:3,14,"Peszek, Wallis","Davison, DiSanto"
2020-01-11,Pair,2,2020-01-11:3,19,"Peszek, Wallis","Hack, Harrity"
2020-01-11,Pair,2,2020-01-11:3,25,"Peszek, Wallis","Eble, Richards"
2020-01-11,Pair,2,2020-01-11:3,27,"Peszek, Wallis","Flagg, Grady"
2020-01-11,Pair,2,2020-01-11:3,33,"Peszek, Wallis","Dean, Knippen"
2020-01-11,Pair,2,2020-01-11:3,7,"Karwoski, Weiss","Corrigan, E Carlson"
2020-01-11,Pair,2,2020-01-11:3,7,"Corrigan, E Carlson","Davison, DiSanto"
2020-01-11,Pair,2,2020-01-11:3,12,"Corrigan, E Carlson","Hack, Harrity"
2020-01-11,Pair,2,2020-01-11:3,18,"Corrigan, E Carlson","Eble, Richards"
2020-01-11,Pair,2,2020-01-11:3,20,"Corrigan, E Carlson","Flagg, Grady"
2020-01-11,Pair,2,2020-01-11:3,26,"Corrigan, E Carlson","Dean, Knippen"
2020-01-11,Pair,2,2020-01-11:3,14,"Karwoski, Weiss","Davison, DiSanto"
2020-01-11,Pair,2,2020-01-11:3,19,"Karwoski, Weiss","Hack, Harrity"
2020-01-11,Pair,2,2020-01-11:3,25,"Karwoski, Weiss","Eble, Richards"
2020-01-11,Pair,2,2020-01-11:3,27,"Karwoski, Weiss","Flagg, Grady"
2020-01-11,Pair,2,2020-01-11:3,33,"Karwoski, Weiss","Dean, Knippen"
2020-01-11,Pair,2,2020-01-11:3,5,"Davison, DiSanto","Hack, Harrity"
2020-01-11,Pair,2,2020-01-11:3,11,"Davison, DiSanto","Eble, Richards"
2020-01-11,Pair,2,2020-01-11:3,13,"Davison, DiSanto","Flagg, Grady"
2020-01-11,Pair,2,2020-01-11:3,19,"Davison, DiSanto","Dean, Knippen"
2020-01-11,Pair,2,2020-01-11:3,6,"Hack, Harrity","Eble, Richards"
2020-01-11,Pair,2,2020-01-11:3,8,"Hack, Harrity","Flagg, Grady"
2020-01-11,Pair,2,2020-01-11:3,14,"Hack, Harrity","Dean, Knippen"
2020-01-11,Pair,2,2020-01-11:3,2,"Eble, Richards","Flagg, Grady"
2020-01-11,Pair,2,2020-01-11:3,8,"Eble, Richards","Dean, Knippen"
2020-01-11,Pair,2,2020-01-11:3,6,"Flagg, Grady","Dean, Knippen"
2020-01-15,Pair,2,2020-01-15:1,11,"Corrigan, Peszek","C. Carlson, Wallis"
2020-01-15,Pair,2,2020-01-15:1,7,"E Carlson, Weiss","C. Carlson, Wallis"
2020-01-15,Pair,2,2020-01-15:1,18,"Dethlefs, Karwoski","C. Carlson, Wallis"
2020-01-15,Pair,2,2020-01-15:1,20,"Mead, Reed","C. Carlson, Wallis"
2020-01-15,Pair,2,2020-01-15:1,1,"C. Carlson, Wallis","Dean, Grady"
2020-01-15,Pair,2,2020-01-15:1,1,"DiSanto, Richards","C. Carlson, Wallis"
2020-01-15,Pair,2,2020-01-15:1,6,"C. Carlson, Wallis","Hack, Knippen"
2020-01-15,Pair,2,2020-01-15:1,6,"C. Carlson, Wallis","Eble, Harrity"
2020-01-15,Pair,2,2020-01-15:1,6,"C. Carlson, Wallis","Davison, Flagg"
2020-01-15,Pair,2,2020-01-15:1,4,"Corrigan, Peszek","E Carlson, Weiss"
2020-01-15,Pair,2,2020-01-15:1,7,"Dethlefs, Karwoski","Corrigan, Peszek"
2020-01-15,Pair,2,2020-01-15:1,9,"Mead, Reed","Corrigan, Peszek"
2020-01-15,Pair,2,2020-01-15:1,12,"Corrigan, Peszek","Dean, Grady"
2020-01-15,Pair,2,2020-01-15:1,10,"Corrigan, Peszek","DiSanto, Richards"
2020-01-15,Pair,2,2020-01-15:1,17,"Corrigan, Peszek","Hack, Knippen"
2020-01-15,Pair,2,2020-01-15:1,17,"Corrigan, Peszek","Eble, Harrity"
2020-01-15,Pair,2,2020-01-15:1,17,"Corrigan, Peszek","Davison, Flagg"
2020-01-15,Pair,2,2020-01-15:1,11,"Dethlefs, Karwoski","E Carlson, Weiss"
2020-01-15,Pair,2,2020-01-15:1,13,"Mead, Reed","E Carlson, Weiss"
2020-01-15,Pair,2,2020-01-15:1,8,"E Carlson, Weiss","Dean, Grady"
2020-01-15,Pair,2,2020-01-15:1,6,"E Carlson, Weiss","DiSanto, Richards"
2020-01-15,Pair,2,2020-01-15:1,13,"E Carlson, Weiss","Hack, Knippen"
2020-01-15,Pair,2,2020-01-15:1,13,"E Carlson, Weiss","Eble, Harrity"
2020-01-15,Pair,2,2020-01-15:1,13,"E Carlson, Weiss","Davison, Flagg"
2020-01-15,Pair,2,2020-01-15:1,2,"Mead, Reed","Dethlefs, Karwoski"
2020-01-15,Pair,2,2020-01-15:1,19,"Dethlefs, Karwoski","Dean, Grady"
2020-01-15,Pair,2,2020-01-15:1,17,"Dethlefs, Karwoski","DiSanto, Richards"
2020-01-15,Pair,2,2020-01-15:1,24,"Dethlefs, Karwoski","Hack, Knippen"
2020-01-15,Pair,2,2020-01-15:1,24,"Dethlefs, Karwoski","Eble, Harrity"
2020-01-15,Pair,2,2020-01-15:1,24,"Dethlefs, Karwoski","Davison, Flagg"
2020-01-15,Pair,2,2020-01-15:1,21,"Mead, Reed","Dean, Grady"
2020-01-15,Pair,2,2020-01-15:1,19,"Mead, Reed","DiSanto, Richards"
2020-01-15,Pair,2,2020-01-15:1,26,"Mead, Reed","Hack, Knippen"
2020-01-15,Pair,2,2020-01-15:1,26,"Mead, Reed","Eble, Harrity"
2020-01-15,Pair,2,2020-01-15:1,26,"Mead, Reed","Davison, Flagg"
2020-01-15,Pair,2,2020-01-15:1,2,"DiSanto, Richards","Dean, Grady"
2020-01-15,Pair,2,2020-01-15:1,5,"Dean, Grady","Hack, Knippen"
2020-01-15,Pair,2,2020-01-15:1,5,"Dean, Grady","Eble, Harrity"
2020-01-15,Pair,2,2020-01-15:1,5,"Dean, Grady","Davison, Flagg"
2020-01-15,Pair,2,2020-01-15:1,7,"DiSanto, Richards","Hack, Knippen"
2020-01-15,Pair,2,2020-01-15:1,7,"DiSanto, Richards","Eble, Harrity"
2020-01-15,Pair,2,2020-01-15:1,7,"DiSanto, Richards","Davison, Flagg"
2020-01-15,Pair,2,2020-01-15:2,12,"Corrigan, Peszek","C. Carlson, Wallis"
2020-01-15,Pair,2,2020-01-15:2,3,"E Carlson, Weiss","C. Carlson, Wallis"
2020-01-15,Pair,2,2020-01-15:2,12,"Dethlefs, Karwoski","C. Carlson, Wallis"
2020-01-15,Pair,2,2020-01-15:2,12,"Mead, Reed","C. Carlson, Wallis"
2020-01-15,Pair,2,2020-01-15:2,16,"C. Carlson, Wallis","Dean, Grady"
2020-01-15,Pair,2,2020-01-15:2,3,"C. Carlson, Wallis","DiSanto, Richards"
2020-01-15,Pair,2,2020-01-15:2,8,"C. Carlson, Wallis","Hack, Knippen"
2020-01-15,Pair,2,2020-01-15:2,10,"C. Carlson, Wallis","Eble, Harrity"
2020-01-15,Pair,2,2020-01-15:2,2,"Davison, Flagg","C. Carlson, Wallis"
2020-01-15,Pair,2,2020-01-15:2,9,"Corrigan, Peszek","E Carlson, Weiss"
2020-01-15,Pair,2,2020-01-15:2,28,"Corrigan, Peszek","Dean, Grady"
2020-01-15,Pair,2,2020-01-15:2,15,"Corrigan, Peszek","DiSanto, Richards"
2020-01-15,Pair,2,2020-01-15:2,20,"Corrigan, Peszek","Hack, Knippen"
2020-01-15,Pair,2,2020-01-15:2,22,"Corrigan, Peszek","Eble, Harrity"
2020-01-15,Pair,2,2020-01-15:2,10,"Corrigan, Peszek","Davison, Flagg"
2020-01-15,Pair,2,2020-01-15:2,9,"Dethlefs, Karwoski","E Carlson, Weiss"
2020-01-15,Pair,2,2020-01-15:2,9,"Mead, Reed","E Carlson, Weiss"
2020-01-15,Pair,2,2020-01-15:2,19,"E Carlson, Weiss","Dean, Grady"
2020-01-15,Pair,2,2020-01-15:2,6,"E Carlson, Weiss","DiSanto, Richards"
2020-01-15,Pair,2,2020-01-15:2,11,"E Carlson, Weiss","Hack, Knippen"
2020-01-15,Pair,2,2020-01-15:2,13,"E Carlson, Weiss","Eble, Harrity"
2020-01-15,Pair,2,2020-01-15:2,1,"E Carlson, Weiss","Davison, Flagg"
2020-01-15,Pair,2,2020-01-15:2,28,"Dethlefs, Karwoski","Dean, Grady"
2020-01-15,Pair,2,2020-01-15:2,15,"Dethlefs, Karwoski","DiSanto, Richards"
2020-01-15,Pair,2,2020-01-15:2,20,"Dethlefs, Karwoski","Hack, Knippen"
2020-01-15,Pair,2,2020-01-15:2,22,"Dethlefs, Karwoski","Eble, Harrity"
2020-01-15,Pair,2,2020-01-15:2,10,"Dethlefs, Karwoski","Davison, Flagg"
2020-01-15,Pair,2,2020-01-15:2,28,"Mead, Reed","Dean, Grady"
2020-01-15,Pair,2,2020-01-15:2,15,"Mead, Reed","DiSanto, Richards"
2020-01-15,Pair,2,2020-01-15:2,20,"Mead, Reed","Hack, Knippen"
2020-01-15,Pair,2,2020-01-15:2,22,"Mead, Reed","Eble, Harrity"
2020-01-15,Pair,2,2020-01-15:2,10,"Mead, Reed","Davison, Flagg"
2020-01-15,Pair,2,2020-01-15:2,13,"DiSanto, Richards","Dean, Grady"
2020-01-15,Pair,2,2020-01-15:2,8,"Hack, Knippen","Dean, Grady"
2020-01-15,Pair,2,2020-01-15:2,6,"Eble, Harrity","Dean, Grady"
2020-01-15,Pair,2,2020-01-15:2,18,"Davison, Flagg","Dean, Grady"
2020-01-15,Pair,2,2020-01-15:2,5,"DiSanto, Richards","Hack, Knippen"
2020-01-15,Pair,2,2020-01-15:2,7,"DiSanto, Richards","Eble, Harrity"
2020-01-15,Pair,2,2020-01-15:2,5,"Davison, Flagg","DiSanto, Richards"
2020-01-15,Pair,2,2020-01-15:2,2,"Hack, Knippen","Eble, Harrity"
2020-01-15,Pair,2,2020-01-15:2,10,"Davison, Flagg","Hack, Knippen"
2020-01-15,Pair,2,2020-01-15:2,12,"Davison, Flagg","Eble, Harrity"
2020-01-15,Pair,2,2020-01-15:3,15,"Corrigan, Peszek","C. Carlson, Wallis"
2020-01-15,Pair,2,2020-01-15:3,4,"E Carlson, Weiss","C. Carlson, Wallis"
2020-01-15,Pair,2,2020-01-15:3,12,"Dethlefs, Karwoski","C. Carlson, Wallis"
2020-01-15,Pair,2,2020-01-15:3,16,"Mead, Reed","C. Carlson, Wallis"
2020-01-15,Pair,2,2020-01-15:3,1,"Dean, Grady","C. Carlson, Wallis"
2020-01-15,Pair,2,2020-01-15:3,6,"C. Carlson, Wallis","DiSanto, Richards"
2020-01-15,Pair,2,2020-01-15:3,8,"C. Carlson, Wallis","Hack, Knippen"
2020-01-15,Pair,2,2020-01-15:3,3,"C. Carlson, Wallis","Eble, Harrity"
2020-01-15,Pair,2,2020-01-15:3,5,"C. Carlson, Wallis","Davison, Flagg"
2020-01-15,Pair,2,2020-01-15:3,11,"Corrigan, Peszek","E Carlson, Weiss"
2020-01-15,Pair,2,2020-01-15:3,3,"Corrigan, Peszek","Dethlefs, Karwoski"
2020-01-15,Pair,2,2020-01-15:3,1,"Mead, Reed","Corrigan, Peszek"
2020-01-15,Pair,2,2020-01-15:3,14,"Corrigan, Peszek","Dean, Grady"
2020-01-15,Pair,2,2020-01-15:3,21,"Corrigan, Peszek","DiSanto, Richards"
2020-01-15,Pair,2,2020-01-15:3,23,"Corrigan, Peszek","Hack, Knippen"
2020-01-15,Pair,2,2020-01-15:3,18,"Corrigan, Peszek","Eble, Harrity"
2020-01-15,Pair,2,2020-01-15:3,20,"Corrigan, Peszek","Davison, Flagg"
2020-01-15,Pair,2,2020-01-15:3,8,"Dethlefs, Karwoski","E Carlson, Weiss"
2020-01-15,Pair,2,2020-01-15:3,12,"Mead, Reed","E Carlson, Weiss"
2020-01-15,Pair,2,2020-01-15:3,3,"E Carlson, Weiss","Dean, Grady"
2020-01-15,Pair,2,2020-01-15:3,10,"E Carlson, Weiss","DiSanto, Richards"
2020-01-15,Pair,2,2020-01-15:3,12,"E Carlson, Weiss","Hack, Knippen"
2020-01-15,Pair,2,2020-01-15:3,7,"E Carlson, Weiss","Eble, Harrity"
2020-01-15,Pair,2,2020-01-15:3,9,"E Carlson, Weiss","Davison, Flagg"
2020-01-15,Pair,2,2020-01-15:3,4,"Mead, Reed","Dethlefs, Karwoski"
2020-01-15,Pair,2,2020-01-15:3,11,"Dethlefs, Karwoski","Dean, Grady"
2020-01-15,Pair,2,2020-01-15:3,18,"Dethlefs, Karwoski","DiSanto, Richards"
2020-01-15,Pair,2,2020-01-15:3,20,"Dethlefs, Karwoski","Hack, Knippen"
2020-01-15,Pair,2,2020-01-15:3,15,"Dethlefs, Karwoski","Eble, Harrity"
2020-01-15,Pair,2,2020-01-15:3,17,"Dethlefs, Karwoski","Davison, Flagg"
2020-01-15,Pair,2,2020-01-15:3,15,"Mead, Reed","Dean, Grady"
2020-01-15,Pair,2,2020-01-15:3,22,"Mead, Reed","DiSanto, Richards"
2020-01-15,Pair,2,2020-01-15:3,24,"Mead, Reed","Hack, Knippen"
2020-01-15,Pair,2,2020-01-15:3,19,"Mead, Reed","Eble, Harrity"
2020-01-15,Pair,2,2020-01-15:3,21,"Mead, Reed","Davison, Flagg"
2020-01-15,Pair,2,2020-01-15:3,7,"Dean, Grady","DiSanto, Richards"
2020-01-15,Pair,2,2020-01-15:3,9,"Dean, Grady","Hack, Knippen"
2020-01-15,Pair,2,2020-01-15:3,4,"Dean, Grady","Eble, Harrity"
2020-01-15,Pair,2,2020-01-15:3,6,"Dean, Grady","Davison, Flagg"
2020-01-15,Pair,2,2020-01-15:3,2,"DiSanto, Richards","Hack, Knippen"
2020-01-15,Pair,2,2020-01-15:3,3,"Eble, Harrity","DiSanto, Richards"
2020-01-15,Pair,2,2020-01-15:3,1,"Davison, Flagg","DiSanto, Richards"
2020-01-15,Pair,2,2020-01-15:3,5,"Eble, Harrity","Hack, Knippen"
2020-01-15,Pair,2,2020-01-15:3,3,"Davison, Flagg","Hack, Knippen"
2020-01-15,Pair,2,2020-01-15:3,2,"Eble, Harrity","Davison, Flagg"
2020-01-18,Pair,2,2020-01-18:1,14,"Reed, Wallis","C Carlson, Weiss"
2020-01-18,Pair,2,2020-01-18:1,17,"Corrigan, Karwoski","C Carlson, Weiss"
2020-01-18,Pair,2,2020-01-18:1,20,"E Carlson, Mead","C Carlson, Weiss"
2020-01-18,Pair,2,2020-01-18:1,16,"Dethlefs, Peszek","C Carlson, Weiss"
2020-01-18,Pair,2,2020-01-18:1,5,"Hack, Richards","C Carlson, Weiss"
2020-01-18,Pair,2,2020-01-18:1,3,"DiSanto, Grady","C Carlson, Weiss"
2020-01-18,Pair,2,2020-01-18:1,14,"C Carlson, Weiss","Davison, Dean"
2020-01-18,Pair,2,2020-01-18:1,6,"C Carlson, Weiss","Flagg, Harrity"
2020-01-18,Pair,2,2020-01-18:1,3,"C Carlson, Weiss","Eble, Knippen"
2020-01-18,Pair,2,2020-01-18:1,3,"Corrigan, Karwoski","Reed, Wallis"
2020-01-18,Pair,2,2020-01-18:1,6,"E Carlson, Mead","Reed, Wallis"
2020-01-18,Pair,2,2020-01-18:1,2,"Dethlefs, Peszek","Reed, Wallis"
2020-01-18,Pair,2,2020-01-18:1,9,"Reed, Wallis","Hack, Richards"
2020-01-18,Pair,2,2020-01-18:1,11,"Reed, Wallis","DiSanto, Grady"
2020-01-18,Pair,2,2020-01-18:1,28,"Reed, Wallis","Davison, Dean"
2020-01-18,Pair,2,2020-01-18:1,20,"Reed, Wallis","Flagg, Harrity"
2020-01-18,Pair,2,2020-01-18:1,17,"Reed, Wallis","Eble, Knippen"
2020-01-18,Pair,2,2020-01-18:1,3,"E Carlson, Mead","Corrigan, Karwoski"
2020-01-18,Pair,2,2020-01-18:1,1,"Corrigan, Karwoski","Dethlefs, Peszek"
2020-01-18,Pair,2,2020-01-18:1,12,"Corrigan, Karwoski","Hack, Richards"
2020-01-18,Pair,2,2020-01-18:1,14,"Corrigan, Karwoski","DiSanto, Grady"
2020-01-18,Pair,2,2020-01-18:1,31,"Corrigan, Karwoski","Davison, Dean"
2020-01-18,Pair,2,2020-01-18:1,23,"Corrigan, Karwoski","Flagg, Harrity"
2020-01-18,Pair,2,2020-01-18:1,20,"Corrigan, Karwoski","Eble, Knippen"
2020-01-18,Pair,2,2020-01-18:1,4,"E Carlson, Mead","Dethlefs, Peszek"
2020-01-18,Pair,2,2020-01-18:1,15,"E Carlson, Mead","Hack, Richards"
2020-01-18,Pair,2,2020-01-18:1,17,"E Carlson, Mead","DiSanto, Grady"
2020-01-18,Pair,2,2020-01-18:1,34,"E Carlson, Mead","Davison, Dean"
2020-01-18,Pair,2,2020-01-18:1,26,"E Carlson, Mead","Flagg, Harrity"
2020-01-18,Pair,2,2020-01-18:1,23,"E Carlson, Mead","Eble, Knippen"
2020-01-18,Pair,2,2020-01-18:1,11,"Dethlefs, Peszek","Hack, Richards"
2020-01-18,Pair,2,2020-01-18:1,13,"Dethlefs, Peszek","DiSanto, Grady"
2020-01-18,Pair,2,2020-01-18:1,30,"Dethlefs, Peszek","Davison, Dean"
2020-01-18,Pair,2,2020-01-18:1,22,"Dethlefs, Peszek","Flagg, Harrity"
2020-01-18,Pair,2,2020-01-18:1,19,"Dethlefs, Peszek","Eble, Knippen"
2020-01-18,Pair,2,2020-01-18:1,2,"Hack, Richards","DiSanto, Grady"
2020-01-18,Pair,2,2020-01-18:1,19,"Hack, Richards","Davison, Dean"
2020-01-18,Pair,2,2020-01-18:1,11,"Hack, Richards","Flagg, Harrity"
2020-01-18,Pair,2,2020-01-18:1,8,"Hack, Richards","Eble, Knippen"
2020-01-18,Pair,2,2020-01-18:1,17,"DiSanto, Grady","Davison, Dean"
2020-01-18,Pair,2,2020-01-18:1,9,"DiSanto, Grady","Flagg, Harrity"
2020-01-18,Pair,2,2020-01-18:1,6,"DiSanto, Grady","Eble, Knippen"
2020-01-18,Pair,2,2020-01-18:1,8,"Flagg, Harrity","Davison, Dean"
2020-01-18,Pair,2,2020-01-18:1,11,"Eble, Knippen","Davison, Dean"
2020-01-18,Pair,2,2020-01-18:1,3,"Eble, Knippen","Flagg, Harrity"
2020-01-18,Pair,2,2020-01-18:2,2,"Reed, Wallis","C Carlson, Weiss"
2020-01-18,Pair,2,2020-01-18:2,14,"Corrigan, Karwoski","C Carlson, Weiss"
2020-01-18,Pair,2,2020-01-18:2,10,"E Carlson, Mead","C Carlson, Weiss"
2020-01-18,Pair,2,2020-01-18:2,19,"Dethlefs, Peszek","C Carlson, Weiss"
2020-01-18,Pair,2,2020-01-18:2,5,"Hack, Richards","C Carlson, Weiss"
2020-01-18,Pair,2,2020-01-18:2,10,"C Carlson, Weiss","DiSanto, Grady"
2020-01-18,Pair,2,2020-01-18:2,7,"C Carlson, Weiss","Davison, Dean"
2020-01-18,Pair,2,2020-01-18:2,8,"C Carlson, Weiss","Flagg, Harrity"
2020-01-18,Pair,2,2020-01-18:2,12,"C Carlson, Weiss","Eble, Knippen"
2020-01-18,Pair,2,2020-01-18:2,12,"Corrigan, Karwoski","Reed, Wallis"
2020-01-18,Pair,2,2020-01-18:2,8,"E Carlson, Mead","Reed, Wallis"
2020-01-18,Pair,2,2020-01-18:2,17,"Dethlefs, Peszek","Reed, Wallis"
2020-01-18,Pair,2,2020-01-18:2,3,"Hack, Richards","Reed, Wallis"
2020-01-18,Pair,2,2020-01-18:2,12,"Reed, Wallis","DiSanto, Grady"
2020-01-18,Pair,2,2020-01-18:2,9,"Reed, Wallis","Davison, Dean"
2020-01-18,Pair,2,2020-01-18:2,10,"Reed, Wallis","Flagg, Harrity"
2020-01-18,Pair,2,2020-01-18:2,14,"Reed, Wallis","Eble, Knippen"
2020-01-18,Pair,2,2020-01-18:2,4,"Corrigan, Karwoski","E Carlson, Mead"
2020-01-18,Pair,2,2020-01-18:2,5,"Dethlefs, Peszek","Corrigan, Karwoski"
2020-01-18,Pair,2,2020-01-18:2,9,"Corrigan, Karwoski","Hack, Richards"
2020-01-18,Pair,2,2020-01-18:2,24,"Corrigan, Karwoski","DiSanto, Grady"
2020-01-18,Pair,2,2020-01-18:2,21,"Corrigan, Karwoski","Davison, Dean"
2020-01-18,Pair,2,2020-01-18:2,22,"Corrigan, Karwoski","Flagg, Harrity"
2020-01-18,Pair,2,2020-01-18:2,26,"Corrigan, Karwoski","Eble, Knippen"
2020-01-18,Pair,2,2020-01-18:2,9,"Dethlefs, Peszek","E Carlson, Mead"
2020-01-18,Pair,2,2020-01-18:2,5,"E Carlson, Mead","Hack, Richards"
2020-01-18,Pair,2,2020-01-18:2,20,"E Carlson, Mead","DiSanto, Grady"
2020-01-18,Pair,2,2020-01-18:2,17,"E Carlson, Mead","Davison, Dean"
2020-01-18,Pair,2,2020-01-18:2,18,"E Carlson, Mead","Flagg, Harrity"
2020-01-18,Pair,2,2020-01-18:2,22,"E Carlson, Mead","Eble, Knippen"
2020-01-18,Pair,2,2020-01-18:2,14,"Dethlefs, Peszek","Hack, Richards"
2020-01-18,Pair,2,2020-01-18:2,29,"Dethlefs, Peszek","DiSanto, Grady"
2020-01-18,Pair,2,2020-01-18:2,26,"Dethlefs, Peszek","Davison, Dean"
2020-01-18,Pair,2,2020-01-18:2,27,"Dethlefs, Peszek","Flagg, Harrity"
2020-01-18,Pair,2,2020-01-18:2,31,"Dethlefs, Peszek","Eble, Knippen"
2020-01-18,Pair,2,2020-01-18:2,15,"Hack, Richards","DiSanto, Grady"
2020-01-18,Pair,2,2020-01-18:2,12,"Hack, Richards","Davison, Dean"
2020-01-18,Pair,2,2020-01-18:2,13,"Hack, Richards","Flagg, Harrity"
2020-01-18,Pair,2,2020-01-18:2,17,"Hack, Richards","Eble, Knippen"
2020-01-18,Pair,2,2020-01-18:2,3,"Davison, Dean","DiSanto, Grady"
2020-01-18,Pair,2,2020-01-18:2,2,"Flagg, Harrity","DiSanto, Grady"
2020-01-18,Pair,2,2020-01-18:2,2,"DiSanto, Grady","Eble, Knippen"
2020-01-18,Pair,2,2020-01-18:2,1,"Davison, Dean","Flagg, Harrity"
2020-01-18,Pair,2,2020-01-18:2,5,"Davison, Dean","Eble, Knippen"
2020-01-18,Pair,2,2020-01-18:2,4,"Flagg, Harrity","Eble, Knippen"
2020-01-18,Pair,2,2020-01-18:3,22,"Reed, Wallis","C Carlson, Weiss"
2020-01-18,Pair,2,2020-01-18:3,18,"Corrigan, Karwoski","C Carlson, Weiss"
2020-01-18,Pair,2,2020-01-18:3,29,"E Carlson, Mead","C Carlson, Weiss"
2020-01-18,Pair,2,2020-01-18:3,29,"Dethlefs, Peszek","C Carlson, Weiss"
2020-01-18,Pair,2,2020-01-18:3,24,"Hack, Richards","C Carlson, Weiss"
2020-01-18,Pair,2,2020-01-18:3,19,"DiSanto, Grady","C Carlson, Weiss"
2020-01-18,Pair,2,2020-01-18:3,4,"Davison, Dean","C Carlson, Weiss"
2020-01-18,Pair,2,2020-01-18:3,15,"Flagg, Harrity","C Carlson, Weiss"
2020-01-18,Pair,2,2020-01-18:3,14,"Eble, Knippen","C Carlson, Weiss"
2020-01-18,Pair,2,2020-01-18:3,4,"Reed, Wallis","Corrigan, Karwoski"
2020-01-18,Pair,2,2020-01-18:3,7,"E Carlson, Mead","Reed, Wallis"
2020-01-18,Pair,2,2020-01-18:3,7,"Dethlefs, Peszek","Reed, Wallis"
2020-01-18,Pair,2,2020-01-18:3,2,"Hack, Richards","Reed, Wallis"
2020-01-18,Pair,2,2020-01-18:3,3,"Reed, Wallis","DiSanto, Grady"
2020-01-18,Pair,2,2020-01-18:3,18,"Reed, Wallis","Davison, Dean"
2020-01-18,Pair,2,2020-01-18:3,7,"Reed, Wallis","Flagg, Harrity"
2020-01-18,Pair,2,2020-01-18:3,8,"Reed, Wallis","Eble, Knippen"
2020-01-18,Pair,2,2020-01-18:3,11,"E Carlson, Mead","Corrigan, Karwoski"
2020-01-18,Pair,2,2020-01-18:3,11,"Dethlefs, Peszek","Corrigan, Karwoski"
2020-01-18,Pair,2,2020-01-18:3,6,"Hack, Richards","Corrigan, Karwoski"
2020-01-18,Pair,2,2020-01-18:3,1,"DiSanto, Grady","Corrigan, Karwoski"
2020-01-18,Pair,2,2020-01-18:3,14,"Corrigan, Karwoski","Davison, Dean"
2020-01-18,Pair,2,2020-01-18:3,3,"Corrigan, Karwoski","Flagg, Harrity"
2020-01-18,Pair,2,2020-01-18:3,4,"Corrigan, Karwoski","Eble, Knippen"
2020-01-18,Pair,2,2020-01-18:3,5,"E Carlson, Mead","Hack, Richards"
2020-01-18,Pair,2,2020-01-18:3,10,"E Carlson, Mead","DiSanto, Grady"
2020-01-18,Pair,2,2020-01-18:3,25,"E Carlson, Mead","Davison, Dean"
2020-01-18,Pair,2,2020-01-18:3,14,"E Carlson, Mead","Flagg, Harrity"
2020-01-18,Pair,2,2020-01-18:3,15,"E Carlson, Mead","Eble, Knippen"
2020-01-18,Pair,2,2020-01-18:3,5,"Dethlefs, Peszek","Hack, Richards"
2020-01-18,Pair,2,2020-01-18:3,10,"Dethlefs, Peszek","DiSanto, Grady"
2020-01-18,Pair,2,2020-01-18:3,25,"Dethlefs, Peszek","Davison, Dean"
2020-01-18,Pair,2,2020-01-18:3,14,"Dethlefs, Peszek","Flagg, Harrity"
2020-01-18,Pair,2,2020-01-18:3,15,"Dethlefs, Peszek","Eble, Knippen"
2020-01-18,Pair,2,2020-01-18:3,5,"Hack, Richards","DiSanto, Grady"
2020-01-18,Pair,2,2020-01-18:3,20,"Hack, Richards","Davison, Dean"
2020-01-18,Pair,2,2020-01-18:3,9,"Hack, Richards","Flagg, Harrity"
2020-01-18,Pair,2,2020-01-18:3,10,"Hack, Richards","Eble, Knippen"
2020-01-18,Pair,2,2020-01-18:3,15,"DiSanto, Grady","Davison, Dean"
2020-01-18,Pair,2,2020-01-18:3,4,"DiSanto, Grady","Flagg, Harrity"
2020-01-18,Pair,2,2020-01-18:3,5,"DiSanto, Grady","Eble, Knippen"
2020-01-18,Pair,2,2020-01-18:3,11,"Flagg, Harrity","Davison, Dean"
2020-01-18,Pair,2,2020-01-18:3,10,"Eble, Knippen","Davison, Dean"
2020-01-18,Pair,2,2020-01-18:3,1,"Flagg, Harrity","Eble, Knippen"
2020-01-22,Pair,2,2020-01-22:1,4,"Miklasevich, Weiss","Karwoski, Wallis"
2020-01-22,Pair,2,2020-01-22:1,9,"Corrigan, Reed","Miklasevich, Weiss"
2020-01-22,Pair,2,2020-01-22:1,4,"Dethlefs, E Carlson","Miklasevich, Weiss"
2020-01-22,Pair,2,2020-01-22:1,13,"Mead, Peszek","Miklasevich, Weiss"
2020-01-22,Pair,2,2020-01-22:1,15,"Miklasevich, Weiss","DiSanto, Knippen"
2020-01-22,Pair,2,2020-01-22:1,3,"C Carlson, Hack","Miklasevich, Weiss"
2020-01-22,Pair,2,2020-01-22:1,3,"Miklasevich, Weiss","Davison, Eble"
2020-01-22,Pair,2,2020-01-22:1,16,"Miklasevich, Weiss","Dean, Harrity"
2020-01-22,Pair,2,2020-01-22:1,6,"Miklasevich, Weiss","Flagg, Richards"
2020-01-22,Pair,2,2020-01-22:1,13,"Corrigan, Reed","Karwoski, Wallis"
2020-01-22,Pair,2,2020-01-22:1,8,"Dethlefs, E Carlson","Karwoski, Wallis"
2020-01-22,Pair,2,2020-01-22:1,17,"Mead, Peszek","Karwoski, Wallis"
2020-01-22,Pair,2,2020-01-22:1,11,"Karwoski, Wallis","DiSanto, Knippen"
2020-01-22,Pair,2,2020-01-22:1,7,"C Carlson, Hack","Karwoski, Wallis"
2020-01-22,Pair,2,2020-01-22:1,1,"Davison, Eble","Karwoski, Wallis"
2020-01-22,Pair,2,2020-01-22:1,12,"Karwoski, Wallis","Dean, Harrity"
2020-01-22,Pair,2,2020-01-22:1,2,"Karwoski, Wallis","Flagg, Richards"
2020-01-22,Pair,2,2020-01-22:1,5,"Corrigan, Reed","Dethlefs, E Carlson"
2020-01-22,Pair,2,2020-01-22:1,4,"Mead, Peszek","Corrigan, Reed"
2020-01-22,Pair,2,2020-01-22:1,24,"Corrigan, Reed","DiSanto, Knippen"
2020-01-22,Pair,2,2020-01-22:1,6,"Corrigan, Reed","C Carlson, Hack"
2020-01-22,Pair,2,2020-01-22:1,12,"Corrigan, Reed","Davison, Eble"
2020-01-22,Pair,2,2020-01-22:1,25,"Corrigan, Reed","Dean, Harrity"
2020-01-22,Pair,2,2020-01-22:1,15,"Corrigan, Reed","Flagg, Richards"
2020-01-22,Pair,2,2020-01-22:1,9,"Mead, Peszek","Dethlefs, E Carlson"
2020-01-22,Pair,2,2020-01-22:1,19,"Dethlefs, E Carlson","DiSanto, Knippen"
2020-01-22,Pair,2,2020-01-22:1,1,"Dethlefs, E Carlson","C Carlson, Hack"
2020-01-22,Pair,2,2020-01-22:1,7,"Dethlefs, E Carlson","Davison, Eble"
2020-01-22,Pair,2,2020-01-22:1,20,"Dethlefs, E Carlson","Dean, Harrity"
2020-01-22,Pair,2,2020-01-22:1,10,"Dethlefs, E Carlson","Flagg, Richards"
2020-01-22,Pair,2,2020-01-22:1,28,"Mead, Peszek","DiSanto, Knippen"
2020-01-22,Pair,2,2020-01-22:1,10,"Mead, Peszek","C Carlson, Hack"
2020-01-22,Pair,2,2020-01-22:1,16,"Mead, Peszek","Davison, Eble"
2020-01-22,Pair,2,2020-01-22:1,29,"Mead, Peszek","Dean, Harrity"
2020-01-22,Pair,2,2020-01-22:1,19,"Mead, Peszek","Flagg, Richards"
2020-01-22,Pair,2,2020-01-22:1,18,"C Carlson, Hack","DiSanto, Knippen"
2020-01-22,Pair,2,2020-01-22:1,12,"Davison, Eble","DiSanto, Knippen"
2020-01-22,Pair,2,2020-01-22:1,1,"DiSanto, Knippen","Dean, Harrity"
2020-01-22,Pair,2,2020-01-22:1,9,"Flagg, Richards","DiSanto, Knippen"
2020-01-22,Pair,2,2020-01-22:1,6,"C Carlson, Hack","Davison, Eble"
2020-01-22,Pair,2,2020-01-22:1,19,"C Carlson, Hack","Dean, Harrity"
2020-01-22,Pair,2,2020-01-22:1,9,"C Carlson, Hack","Flagg, Richards"
2020-01-22,Pair,2,2020-01-22:1,13,"Davison, Eble","Dean, Harrity"
2020-01-22,Pair,2,2020-01-22:1,3,"Davison, Eble","Flagg, Richards"
2020-01-22,Pair,2,2020-01-22:1,10,"Flagg, Richards","Dean, Harrity"
2020-01-22,Pair,2,2020-01-22:2,7,"Karwoski, Wallis","Miklasevich, Weiss"
2020-01-22,Pair,2,2020-01-22:2,12,"Corrigan, Reed","Miklasevich, Weiss"
2020-01-22,Pair,2,2020-01-22:2,1,"Dethlefs, E Carlson","Miklasevich, Weiss"
2020-01-22,Pair,2,2020-01-22:2,10,"Mead, Peszek","Miklasevich, Weiss"
2020-01-22,Pair,2,2020-01-22:2,12,"Miklasevich, Weiss","DiSanto, Knippen"
2020-01-22,Pair,2,2020-01-22:2,4,"C Carlson, Hack","Miklasevich, Weiss"
2020-01-22,Pair,2,2020-01-22:2,2,"Miklasevich, Weiss","Davison, Eble"
2020-01-22,Pair,2,2020-01-22:2,6,"Miklasevich, Weiss","Dean, Harrity"
2020-01-22,Pair,2,2020-01-22:2,12,"Miklasevich, Weiss","Flagg, Richards"
2020-01-22,Pair,2,2020-01-22:2,5,"Corrigan, Reed","Karwoski, Wallis"
2020-01-22,Pair,2,2020-01-22:2,6,"Karwoski, Wallis","Dethlefs, E Carlson"
2020-01-22,Pair,2,2020-01-22:2,3,"Mead, Peszek","Karwoski, Wallis"
2020-01-22,Pair,2,2020-01-22:2,19,"Karwoski, Wallis","DiSanto, Knippen"
2020-01-22,Pair,2,2020-01-22:2,3,"Karwoski, Wallis","C Carlson, Hack"
2020-01-22,Pair,2,2020-01-22:2,9,"Karwoski, Wallis","Davison, Eble"
2020-01-22,Pair,2,2020-01-22:2,13,"Karwoski, Wallis","Dean, Harrity"
2020-01-22,Pair,2,2020-01-22:2,19,"Karwoski, Wallis","Flagg, Richards"
2020-01-22,Pair,2,2020-01-22:2,11,"Corrigan, Reed","Dethlefs, E Carlson"
2020-01-22,Pair,2,2020-01-22:2,2,"Corrigan, Reed","Mead, Peszek"
2020-01-22,Pair,2,2020-01-22:2,24,"Corrigan, Reed","DiSanto, Knippen"
2020-01-22,Pair,2,2020-01-22:2,8,"Corrigan, Reed","C Carlson, Hack"
2020-01-22,Pair,2,2020-01-22:2,14,"Corrigan, Reed","Davison, Eble"
2020-01-22,Pair,2,2020-01-22:2,18,"Corrigan, Reed","Dean, Harrity"
2020-01-22,Pair,2,2020-01-22:2,24,"Corrigan, Reed","Flagg, Richards"
2020-01-22,Pair,2,2020-01-22:2,9,"Mead, Peszek","Dethlefs, E Carlson"
2020-01-22,Pair,2,2020-01-22:2,13,"Dethlefs, E Carlson","DiSanto, Knippen"
2020-01-22,Pair,2,2020-01-22:2,3,"C Carlson, Hack","Dethlefs, E Carlson"
2020-01-22,Pair,2,2020-01-22:2,3,"Dethlefs, E Carlson","Davison, Eble"
2020-01-22,Pair,2,2020-01-22:2,7,"Dethlefs, E Carlson","Dean, Harrity"
2020-01-22,Pair,2,2020-01-22:2,13,"Dethlefs, E Carlson","Flagg, Richards"
2020-01-22,Pair,2,2020-01-22:2,22,"Mead, Peszek","DiSanto, Knippen"
2020-01-22,Pair,2,2020-01-22:2,6,"Mead, Peszek","C Carlson, Hack"
2020-01-22,Pair,2,2020-01-22:2,12,"Mead, Peszek","Davison, Eble"
2020-01-22,Pair,2,2020-01-22:2,16,"Mead, Peszek","Dean, Harrity"
2020-01-22,Pair,2,2020-01-22:2,22,"Mead, Peszek","Flagg, Richards"
2020-01-22,Pair,2,2020-01-22:2,16,"C Carlson, Hack","DiSanto, Knippen"
2020-01-22,Pair,2,2020-01-22:2,10,"Davison, Eble","DiSanto, Knippen"
2020-01-22,Pair,2,2020-01-22:2,6,"Dean, Harrity","DiSanto, Knippen"
2020-01-22,Pair,2,2020-01-22:2,6,"C Carlson, Hack","Davison, Eble"
2020-01-22,Pair,2,2020-01-22:2,10,"C Carlson, Hack","Dean, Harrity"
2020-01-22,Pair,2,2020-01-22:2,16,"C Carlson, Hack","Flagg, Richards"
2020-01-22,Pair,2,2020-01-22:2,4,"Davison, Eble","Dean, Harrity"
2020-01-22,Pair,2,2020-01-22:2,10,"Davison, Eble","Flagg, Richards"
2020-01-22,Pair,2,2020-01-22:2,6,"Dean, Harrity","Flagg, Richards"
2020-01-22,Pair,2,2020-01-22:3,17,"Karwoski, Wallis","Miklasevich, Weiss"
2020-01-22,Pair,2,2020-01-22:3,26,"Corrigan, Reed","Miklasevich, Weiss"
2020-01-22,Pair,2,2020-01-22:3,17,"Dethlefs, E Carlson","Miklasevich, Weiss"
2020-01-22,Pair,2,2020-01-22:3,29,"Mead, Peszek","Miklasevich, Weiss"
2020-01-22,Pair,2,2020-01-22:3,2,"DiSanto, Knippen","Miklasevich, Weiss"
2020-01-22,Pair,2,2020-01-22:3,19,"C Carlson, Hack","Miklasevich, Weiss"
2020-01-22,Pair,2,2020-01-22:3,9,"Davison, Eble","Miklasevich, Weiss"
2020-01-22,Pair,2,2020-01-22:3,10,"Dean, Harrity","Miklasevich, Weiss"
2020-01-22,Pair,2,2020-01-22:3,9,"Flagg, Richards","Miklasevich, Weiss"
2020-01-22,Pair,2,2020-01-22:3,9,"Corrigan, Reed","Karwoski, Wallis"
2020-01-22,Pair,2,2020-01-22:3,12,"Mead, Peszek","Karwoski, Wallis"
2020-01-22,Pair,2,2020-01-22:3,15,"Karwoski, Wallis","DiSanto, Knippen"
2020-01-22,Pair,2,2020-01-22:3,2,"C Carlson, Hack","Karwoski, Wallis"
2020-01-22,Pair,2,2020-01-22:3,8,"Karwoski, Wallis","Davison, Eble"
2020-01-22,Pair,2,2020-01-22:3,7,"Karwoski, Wallis","Dean, Harrity"
2020-01-22,Pair,2,2020-01-22:3,8,"Karwoski, Wallis","Flagg, Richards"
2020-01-22,Pair,2,2020-01-22:3,9,"Corrigan, Reed","Dethlefs, E Carlson"
2020-01-22,Pair,2,2020-01-22:3,3,"Mead, Peszek","Corrigan, Reed"
2020-01-22,Pair,2,2020-01-22:3,24,"Corrigan, Reed","DiSanto, Knippen"
2020-01-22,Pair,2,2020-01-22:3,7,"Corrigan, Reed","C Carlson, Hack"
2020-01-22,Pair,2,2020-01-22:3,17,"Corrigan, Reed","Davison, Eble"
2020-01-22,Pair,2,2020-01-22:3,16,"Corrigan, Reed","Dean, Harrity"
2020-01-22,Pair,2,2020-01-22:3,17,"Corrigan, Reed","Flagg, Richards"
2020-01-22,Pair,2,2020-01-22:3,12,"Mead, Peszek","Dethlefs, E Carlson"
2020-01-22,Pair,2,2020-01-22:3,15,"Dethlefs, E Carlson","DiSanto, Knippen"
2020-01-22,Pair,2,2020-01-22:3,2,"C Carlson, Hack","Dethlefs, E Carlson"
2020-01-22,Pair,2,2020-01-22:3,8,"Dethlefs, E Carlson","Davison, Eble"
2020-01-22,Pair,2,2020-01-22:3,7,"Dethlefs, E Carlson","Dean, Harrity"
2020-01-22,Pair,2,2020-01-22:3,8,"Dethlefs, E Carlson","Flagg, Richards"
2020-01-22,Pair,2,2020-01-22:3,27,"Mead, Peszek","DiSanto, Knippen"
2020-01-22,Pair,2,2020-01-22:3,10,"Mead, Peszek","C Carlson, Hack"
2020-01-22,Pair,2,2020-01-22:3,20,"Mead, Peszek","Davison, Eble"
2020-01-22,Pair,2,2020-01-22:3,19,"Mead, Peszek","Dean, Harrity"
2020-01-22,Pair,2,2020-01-22:3,20,"Mead, Peszek","Flagg, Richards"
2020-01-22,Pair,2,2020-01-22:3,17,"C Carlson, Hack","DiSanto, Knippen"
2020-01-22,Pair,2,2020-01-22:3,7,"Davison, Eble","DiSanto, Knippen"
2020-01-22,Pair,2,2020-01-22:3,8,"Dean, Harrity","DiSanto, Knippen"
2020-01-22,Pair,2,2020-01-22:3,7,"Flagg, Richards","DiSanto, Knippen"
2020-01-22,Pair,2,2020-01-22:3,10,"C Carlson, Hack","Davison, Eble"
2020-01-22,Pair,2,2020-01-22:3,9,"C Carlson, Hack","Dean, Harrity"
2020-01-22,Pair,2,2020-01-22:3,10,"C Carlson, Hack","Flagg, Richards"
2020-01-22,Pair,2,2020-01-22:3,1,"Dean, Harrity","Davison, Eble"
2020-01-22,Pair,2,2020-01-22:3,1,"Dean, Harrity","Flagg, Richards"
2020-01-25,Eight,8,2020-01-25:1,3,"Dethlefs, DiSanto, Hack, Karwoski, Mead, Miklasevich, Peszek, Richards","C Carlson, Corrigan, Davison, Dean, Eble, Harrity, Reed, Weiss"
2020-01-25,Eight,8,2020-01-25:1,11,"Dethlefs, DiSanto, Hack, Karwoski, Mead, Miklasevich, Peszek, Richards","Best, E Carlson, Flagg, Gaard, Grady, Landboe, Molitor, Wallis"
2020-01-25,Eight,8,2020-01-25:1,8,"C Carlson, Corrigan, Davison, Dean, Eble, Harrity, Reed, Weiss","Best, E Carlson, Flagg, Gaard, Grady, Landboe, Molitor, Wallis"
2020-01-25,Eight,8,2020-01-25:2,2,"Dethlefs, DiSanto, Hack, Karwoski, Mead, Miklasevich, Peszek, Richards","C Carlson, Corrigan, Davison, Dean, Eble, Harrity, Reed, Weiss"
2020-01-25,Eight,8,2020-01-25:2,19,"Dethlefs, DiSanto, Hack, Karwoski, Mead, Miklasevich, Peszek, Richards","Best, E Carlson, Flagg, Gaard, Grady, Landboe, Molitor, Wallis"
2020-01-25,Eight,8,2020-01-25:2,17,"C Carlson, Corrigan, Davison, Dean, Eble, Harrity, Reed, Weiss","Best, E Carlson, Flagg, Gaard, Grady, Landboe, Molitor, Wallis"
2020-01-25,Eight,8,2020-01-25:3,2,"Dethlefs, DiSanto, Hack, Karwoski, Mead, Miklasevich, Peszek, Richards","C Carlson, Corrigan, Davison, Dean, Eble, Harrity, Reed, Weiss"
2020-01-25,Eight,8,2020-01-25:3,17,"Dethlefs, DiSanto, Hack, Karwoski, Mead, Miklasevich, Peszek, Richards","Best, E Carlson, Flagg, Gaard, Grady, Landboe, Molitor, Wallis"
2020-01-25,Eight,8,2020-01-25:3,15,"C Carlson, Corrigan, Davison, Dean, Eble, Harrity, Reed, Weiss","Best, E Carlson, Flagg, Gaard, Grady, Landboe, Molitor, Wallis"
2020-01-29,Four,4,2020-01-29:1,12,"Dethlefs, Mead, Peszek, Reed","Corrigan, Harrity, Karwoski, Weiss"
2020-01-29,Four,4,2020-01-29:1,13,"Dethlefs, Mead, Peszek, Reed","Davison, DiSanto, Hack, Richards"
2020-01-29,Four,4,2020-01-29:1,14,"Dethlefs, Mead, Peszek, Reed","Carlson, Eble, Miklasevich, Wallis"
2020-01-29,Four,4,2020-01-29:1,32,"Dethlefs, Mead, Peszek, Reed","Best, Dean, Flagg, Grady"
2020-01-29,Four,4,2020-01-29:1,1,"Corrigan, Harrity, Karwoski, Weiss","Davison, DiSanto, Hack, Richards"
2020-01-29,Four,4,2020-01-29:1,2,"Corrigan, Harrity, Karwoski, Weiss","Carlson, Eble, Miklasevich, Wallis"
2020-01-29,Four,4,2020-01-29:1,20,"Corrigan, Harrity, Karwoski, Weiss","Best, Dean, Flagg, Grady"
2020-01-29,Four,4,2020-01-29:1,1,"Davison, DiSanto, Hack, Richards","Carlson, Eble, Miklasevich, Wallis"
2020-01-29,Four,4,2020-01-29:1,19,"Davison, DiSanto, Hack, Richards","Best, Dean, Flagg, Grady"
2020-01-29,Four,4,2020-01-29:1,18,"Carlson, Eble, Miklasevich, Wallis","Best, Dean, Flagg, Grady"
2020-01-29,Four,4,2020-01-29:2,6,"Dethlefs, Mead, Peszek, Reed","Corrigan, Harrity, Karwoski, Weiss"
2020-01-29,Four,4,2020-01-29:2,8,"Dethlefs, Mead, Peszek, Reed","Davison, DiSanto, Hack, Richards"
2020-01-29,Four,4,2020-01-29:2,10,"Dethlefs, Mead, Peszek, Reed","Carlson, Eble, Miklasevich, Wallis"
2020-01-29,Four,4,2020-01-29:2,30,"Dethlefs, Mead, Peszek, Reed","Best, Dean, Flagg, Grady"
2020-01-29,Four,4,2020-01-29:2,2,"Corrigan, Harrity, Karwoski, Weiss","Davison, DiSanto, Hack, Richards"
2020-01-29,Four,4,2020-01-29:2,4,"Corrigan, Harrity, Karwoski, Weiss","Carlson, Eble, Miklasevich, Wallis"
2020-01-29,Four,4,2020-01-29:2,24,"Corrigan, Harrity, Karwoski, Weiss","Best, Dean, Flagg, Grady"
2020-01-29,Four,4,2020-01-29:2,2,"Davison, DiSanto, Hack, Richards","Carlson, Eble, Miklasevich, Wallis"
2020-01-29,Four,4,2020-01-29:2,22,"Davison, DiSanto, Hack, Richards","Best, Dean, Flagg, Grady"
2020-01-29,Four,4,2020-01-29:2,20,"Carlson, Eble, Miklasevich, Wallis","Best, Dean, Flagg, Grady"
2020-01-29,Four,4,2020-01-29:3,7,"Dethlefs, Mead, Peszek, Reed","Corrigan, Harrity, Karwoski, Weiss"
2020-01-29,Four,4,2020-01-29:3,10,"Dethlefs, Mead, Peszek, Reed","Davison, DiSanto, Hack, Richards"
2020-01-29,Four,4,2020-01-29:3,14,"Dethlefs, Mead, Peszek, Reed","Carlson, Eble, Miklasevich, Wallis"
2020-01-29,Four,4,2020-01-29:3,31,"Dethlefs, Mead, Peszek, Reed","Best, Dean, Flagg, Grady"
2020-01-29,Four,4,2020-01-29:3,3,"Corrigan, Harrity, Karwoski, Weiss","Davison, DiSanto, Hack, Richards"
2020-01-29,Four,4,2020-01-29:3,7,"Corrigan, Harrity, Karwoski, Weiss","Carlson, Eble, Miklasevich, Wallis"
2020-01-29,Four,4,2020-01-29:3,24,"Corrigan, Harrity, Karwoski, Weiss","Best, Dean, Flagg, Grady"
2020-01-29,Four,4,2020-01-29:3,4,"Davison, DiSanto, Hack, Richards","Carlson, Eble, Miklasevich, Wallis"
2020-01-29,Four,4,2020-01-29:3,21,"Davison, DiSanto, Hack, Richards","Best, Dean, Flagg, Grady"
2020-01-29,Four,4,2020-01-29:3,17,"Carlson, Eble, Miklasevich, Wallis","Best, Dean, Flagg, Grady"
2020-02-01,Pair,2,2020-02-01:1,18,"Landboe, Molitor","Best, Gaard"
2020-02-01,Pair,2,2020-02-01:2,19,"Landboe, Molitor","Best, Gaard"
2020-02-01,Pair,2,2020-02-01:3,5,"Landboe, Molitor","Best, Gaard"
2020-02-04,Pair,2,2020-02-04:1,7,"Richards, Weiss","Davison, DiSanto"
2020-02-04,Pair,2,2020-02-04:1,22,"Dethlefs, Reed","Richards, Weiss"
2020-02-04,Pair,2,2020-02-04:1,13,"Hack, Karwoski","Richards, Weiss"
2020-02-04,Pair,2,2020-02-04:1,12,"Mead, Peszek","Richards, Weiss"
2020-02-04,Pair,2,2020-02-04:1,1,"Eble, Miklasevich","Richards, Weiss"
2020-02-04,Pair,2,2020-02-04:1,9,"Richards, Weiss","Dean, Grady"
2020-02-04,Pair,2,2020-02-04:1,27,"Richards, Weiss","Flagg, Knippen"
2020-02-04,Pair,2,2020-02-04:1,6,"Richards, Weiss","Carlson, Wallis"
2020-02-04,Pair,2,2020-02-04:1,3,"Richards, Weiss","Corrigan, Harrity"
2020-02-04,Pair,2,2020-02-04:1,29,"Dethlefs, Reed","Davison, DiSanto"
2020-02-04,Pair,2,2020-02-04:1,20,"Hack, Karwoski","Davison, DiSanto"
2020-02-04,Pair,2,2020-02-04:1,19,"Mead, Peszek","Davison, DiSanto"
2020-02-04,Pair,2,2020-02-04:1,8,"Eble, Miklasevich","Davison, DiSanto"
2020-02-04,Pair,2,2020-02-04:1,2,"Davison, DiSanto","Dean, Grady"
2020-02-04,Pair,2,2020-02-04:1,20,"Davison, DiSanto","Flagg, Knippen"
2020-02-04,Pair,2,2020-02-04:1,1,"Carlson, Wallis","Davison, DiSanto"
2020-02-04,Pair,2,2020-02-04:1,4,"Corrigan, Harrity","Davison, DiSanto"
2020-02-04,Pair,2,2020-02-04:1,9,"Dethlefs, Reed","Hack, Karwoski"
2020-02-04,Pair,2,2020-02-04:1,10,"Dethlefs, Reed","Mead, Peszek"
2020-02-04,Pair,2,2020-02-04:1,21,"Dethlefs, Reed","Eble, Miklasevich"
2020-02-04,Pair,2,2020-02-04:1,31,"Dethlefs, Reed","Dean, Grady"
2020-02-04,Pair,2,2020-02-04:1,49,"Dethlefs, Reed","Flagg, Knippen"
2020-02-04,Pair,2,2020-02-04:1,28,"Dethlefs, Reed","Carlson, Wallis"
2020-02-04,Pair,2,2020-02-04:1,25,"Dethlefs, Reed","Corrigan, Harrity"
2020-02-04,Pair,2,2020-02-04:1,1,"Hack, Karwoski","Mead, Peszek"
2020-02-04,Pair,2,2020-02-04:1,12,"Hack, Karwoski","Eble, Miklasevich"
2020-02-04,Pair,2,2020-02-04:1,22,"Hack, Karwoski","Dean, Grady"
2020-02-04,Pair,2,2020-02-04:1,40,"Hack, Karwoski","Flagg, Knippen"
2020-02-04,Pair,2,2020-02-04:1,19,"Hack, Karwoski","Carlson, Wallis"
2020-02-04,Pair,2,2020-02-04:1,16,"Hack, Karwoski","Corrigan, Harrity"
2020-02-04,Pair,2,2020-02-04:1,11,"Mead, Peszek","Eble, Miklasevich"
2020-02-04,Pair,2,2020-02-04:1,21,"Mead, Peszek","Dean, Grady"
2020-02-04,Pair,2,2020-02-04:1,39,"Mead, Peszek","Flagg, Knippen"
2020-02-04,Pair,2,2020-02-04:1,18,"Mead, Peszek","Carlson, Wallis"
2020-02-04,Pair,2,2020-02-04:1,15,"Mead, Peszek","Corrigan, Harrity"
2020-02-04,Pair,2,2020-02-04:1,10,"Eble, Miklasevich","Dean, Grady"
2020-02-04,Pair,2,2020-02-04:1,28,"Eble, Miklasevich","Flagg, Knippen"
2020-02-04,Pair,2,2020-02-04:1,7,"Eble, Miklasevich","Carlson, Wallis"
2020-02-04,Pair,2,2020-02-04:1,4,"Eble, Miklasevich","Corrigan, Harrity"
2020-02-04,Pair,2,2020-02-04:1,18,"Dean, Grady","Flagg, Knippen"
2020-02-04,Pair,2,2020-02-04:1,3,"Carlson, Wallis","Dean, Grady"
2020-02-04,Pair,2,2020-02-04:1,6,"Corrigan, Harrity","Dean, Grady"
2020-02-04,Pair,2,2020-02-04:1,21,"Carlson, Wallis","Flagg, Knippen"
2020-02-04,Pair,2,2020-02-04:1,24,"Corrigan, Harrity","Flagg, Knippen"
2020-02-04,Pair,2,2020-02-04:1,3,"Corrigan, Harrity","Carlson, Wallis"
2020-02-04,Pair,2,2020-02-04:2,8,"Richards, Weiss","Davison, DiSanto"
2020-02-04,Pair,2,2020-02-04:2,19,"Dethlefs, Reed","Richards, Weiss"
2020-02-04,Pair,2,2020-02-04:2,7,"Hack, Karwoski","Richards, Weiss"
2020-02-04,Pair,2,2020-02-04:2,13,"Mead, Peszek","Richards, Weiss"
2020-02-04,Pair,2,2020-02-04:2,3,"Eble, Miklasevich","Richards, Weiss"
2020-02-04,Pair,2,2020-02-04:2,2,"Richards, Weiss","Dean, Grady"
2020-02-04,Pair,2,2020-02-04:2,33,"Richards, Weiss","Flagg, Knippen"
2020-02-04,Pair,2,2020-02-04:2,7,"Richards, Weiss","Carlson, Wallis"
2020-02-04,Pair,2,2020-02-04:2,6,"Corrigan, Harrity","Richards, Weiss"
2020-02-04,Pair,2,2020-02-04:2,27,"Dethlefs, Reed","Davison, DiSanto"
2020-02-04,Pair,2,2020-02-04:2,15,"Hack, Karwoski","Davison, DiSanto"
2020-02-04,Pair,2,2020-02-04:2,21,"Mead, Peszek","Davison, DiSanto"
2020-02-04,Pair,2,2020-02-04:2,11,"Eble, Miklasevich","Davison, DiSanto"
2020-02-04,Pair,2,2020-02-04:2,6,"Dean, Grady","Davison, DiSanto"
2020-02-04,Pair,2,2020-02-04:2,25,"Davison, DiSanto","Flagg, Knippen"
2020-02-04,Pair,2,2020-02-04:2,1,"Carlson, Wallis","Davison, DiSanto"
2020-02-04,Pair,2,2020-02-04:2,14,"Corrigan, Harrity","Davison, DiSanto"
2020-02-04,Pair,2,2020-02-04:2,12,"Dethlefs, Reed","Hack, Karwoski"
2020-02-04,Pair,2,2020-02-04:2,6,"Dethlefs, Reed","Mead, Peszek"
2020-02-04,Pair,2,2020-02-04:2,16,"Dethlefs, Reed","Eble, Miklasevich"
2020-02-04,Pair,2,2020-02-04:2,21,"Dethlefs, Reed","Dean, Grady"
2020-02-04,Pair,2,2020-02-04:2,52,"Dethlefs, Reed","Flagg, Knippen"
2020-02-04,Pair,2,2020-02-04:2,26,"Dethlefs, Reed","Carlson, Wallis"
2020-02-04,Pair,2,2020-02-04:2,13,"Dethlefs, Reed","Corrigan, Harrity"
2020-02-04,Pair,2,2020-02-04:2,6,"Mead, Peszek","Hack, Karwoski"
2020-02-04,Pair,2,2020-02-04:2,4,"Hack, Karwoski","Eble, Miklasevich"
2020-02-04,Pair,2,2020-02-04:2,9,"Hack, Karwoski","Dean, Grady"
2020-02-04,Pair,2,2020-02-04:2,40,"Hack, Karwoski","Flagg, Knippen"
2020-02-04,Pair,2,2020-02-04:2,14,"Hack, Karwoski","Carlson, Wallis"
2020-02-04,Pair,2,2020-02-04:2,1,"Hack, Karwoski","Corrigan, Harrity"
2020-02-04,Pair,2,2020-02-04:2,10,"Mead, Peszek","Eble, Miklasevich"
2020-02-04,Pair,2,2020-02-04:2,15,"Mead, Peszek","Dean, Grady"
2020-02-04,Pair,2,2020-02-04:2,46,"Mead, Peszek","Flagg, Knippen"
2020-02-04,Pair,2,2020-02-04:2,20,"Mead, Peszek","Carlson, Wallis"
2020-02-04,Pair,2,2020-02-04:2,7,"Mead, Peszek","Corrigan, Harrity"
2020-02-04,Pair,2,2020-02-04:2,5,"Eble, Miklasevich","Dean, Grady"
2020-02-04,Pair,2,2020-02-04:2,36,"Eble, Miklasevich","Flagg, Knippen"
2020-02-04,Pair,2,2020-02-04:2,10,"Eble, Miklasevich","Carlson, Wallis"
2020-02-04,Pair,2,2020-02-04:2,3,"Corrigan, Harrity","Eble, Miklasevich"
2020-02-04,Pair,2,2020-02-04:2,31,"Dean, Grady","Flagg, Knippen"
2020-02-04,Pair,2,2020-02-04:2,5,"Dean, Grady","Carlson, Wallis"
2020-02-04,Pair,2,2020-02-04:2,8,"Corrigan, Harrity","Dean, Grady"
2020-02-04,Pair,2,2020-02-04:2,26,"Carlson, Wallis","Flagg, Knippen"
2020-02-04,Pair,2,2020-02-04:2,39,"Corrigan, Harrity","Flagg, Knippen"
2020-02-04,Pair,2,2020-02-04:2,13,"Corrigan, Harrity","Carlson, Wallis"
2020-02-04,Pair,2,2020-02-04:3,26,"Dethlefs, Reed","Richards, Weiss"
2020-02-04,Pair,2,2020-02-04:3,6,"Hack, Karwoski","Richards, Weiss"
2020-02-04,Pair,2,2020-02-04:3,20,"Mead, Peszek","Richards, Weiss"
2020-02-04,Pair,2,2020-02-04:3,5,"Eble, Miklasevich","Richards, Weiss"
2020-02-04,Pair,2,2020-02-04:3,3,"Richards, Weiss","Dean, Grady"
2020-02-04,Pair,2,2020-02-04:3,35,"Richards, Weiss","Flagg, Knippen"
2020-02-04,Pair,2,2020-02-04:3,8,"Carlson, Wallis","Richards, Weiss"
2020-02-04,Pair,2,2020-02-04:3,8,"Corrigan, Harrity","Richards, Weiss"
2020-02-04,Pair,2,2020-02-04:3,20,"Dethlefs, Reed","Hack, Karwoski"
2020-02-04,Pair,2,2020-02-04:3,6,"Dethlefs, Reed","Mead, Peszek"
2020-02-04,Pair,2,2020-02-04:3,21,"Dethlefs, Reed","Eble, Miklasevich"
2020-02-04,Pair,2,2020-02-04:3,29,"Dethlefs, Reed","Dean, Grady"
2020-02-04,Pair,2,2020-02-04:3,61,"Dethlefs, Reed","Flagg, Knippen"
2020-02-04,Pair,2,2020-02-04:3,18,"Dethlefs, Reed","Carlson, Wallis"
2020-02-04,Pair,2,2020-02-04:3,18,"Dethlefs, Reed","Corrigan, Harrity"
2020-02-04,Pair,2,2020-02-04:3,14,"Mead, Peszek","Hack, Karwoski"
2020-02-04,Pair,2,2020-02-04:3,1,"Hack, Karwoski","Eble, Miklasevich"
2020-02-04,Pair,2,2020-02-04:3,9,"Hack, Karwoski","Dean, Grady"
2020-02-04,Pair,2,2020-02-04:3,41,"Hack, Karwoski","Flagg, Knippen"
2020-02-04,Pair,2,2020-02-04:3,2,"Carlson, Wallis","Hack, Karwoski"
2020-02-04,Pair,2,2020-02-04:3,2,"Corrigan, Harrity","Hack, Karwoski"
2020-02-04,Pair,2,2020-02-04:3,15,"Mead, Peszek","Eble, Miklasevich"
2020-02-04,Pair,2,2020-02-04:3,23,"Mead, Peszek","Dean, Grady"
2020-02-04,Pair,2,2020-02-04:3,55,"Mead, Peszek","Flagg, Knippen"
2020-02-04,Pair,2,2020-02-04:3,12,"Mead, Peszek","Carlson, Wallis"
2020-02-04,Pair,2,2020-02-04:3,12,"Mead, Peszek","Corrigan, Harrity"
2020-02-04,Pair,2,2020-02-04:3,8,"Eble, Miklasevich","Dean, Grady"
2020-02-04,Pair,2,2020-02-04:3,40,"Eble, Miklasevich","Flagg, Knippen"
2020-02-04,Pair,2,2020-02-04:3,3,"Carlson, Wallis","Eble, Miklasevich"
2020-02-04,Pair,2,2020-02-04:3,3,"Corrigan, Harrity","Eble, Miklasevich"
2020-02-04,Pair,2,2020-02-04:3,32,"Dean, Grady","Flagg, Knippen"
2020-02-04,Pair,2,2020-02-04:3,11,"Carlson, Wallis","Dean, Grady"
2020-02-04,Pair,2,2020-02-04:3,11,"Corrigan, Harrity","Dean, Grady"
2020-02-04,Pair,2,2020-02-04:3,43,"Carlson, Wallis","Flagg, Knippen"
2020-02-04,Pair,2,2020-02-04:3,43,"Corrigan, Harrity","Flagg, Knippen"
2020-02-04,Pair,2,2020-02-04:4,18,"Dethlefs, Reed","Richards, Weiss"
2020-02-04,Pair,2,2020-02-04:4,2,"Hack, Karwoski","Richards, Weiss"
2020-02-04,Pair,2,2020-02-04:4,15,"Mead, Peszek","Richards, Weiss"
2020-02-04,Pair,2,2020-02-04:4,2,"Eble, Miklasevich","Richards, Weiss"
2020-02-04,Pair,2,2020-02-04:4,7,"Dean, Grady","Richards, Weiss"
2020-02-04,Pair,2,2020-02-04:4,31,"Richards, Weiss","Flagg, Knippen"
2020-02-04,Pair,2,2020-02-04:4,6,"Carlson, Wallis","Richards, Weiss"
2020-02-04,Pair,2,2020-02-04:4,12,"Corrigan, Harrity","Richards, Weiss"
2020-02-04,Pair,2,2020-02-04:4,16,"Dethlefs, Reed","Hack, Karwoski"
2020-02-04,Pair,2,2020-02-04:4,3,"Dethlefs, Reed","Mead, Peszek"
2020-02-04,Pair,2,2020-02-04:4,16,"Dethlefs, Reed","Eble, Miklasevich"
2020-02-04,Pair,2,2020-02-04:4,11,"Dethlefs, Reed","Dean, Grady"
2020-02-04,Pair,2,2020-02-04:4,49,"Dethlefs, Reed","Flagg, Knippen"
2020-02-04,Pair,2,2020-02-04:4,12,"Dethlefs, Reed","Carlson, Wallis"
2020-02-04,Pair,2,2020-02-04:4,6,"Dethlefs, Reed","Corrigan, Harrity"
2020-02-04,Pair,2,2020-02-04:4,13,"Mead, Peszek","Hack, Karwoski"
2020-02-04,Pair,2,2020-02-04:4,5,"Dean, Grady","Hack, Karwoski"
2020-02-04,Pair,2,2020-02-04:4,33,"Hack, Karwoski","Flagg, Knippen"
2020-02-04,Pair,2,2020-02-04:4,4,"Carlson, Wallis","Hack, Karwoski"
2020-02-04,Pair,2,2020-02-04:4,10,"Corrigan, Harrity","Hack, Karwoski"
2020-02-04,Pair,2,2020-02-04:4,13,"Mead, Peszek","Eble, Miklasevich"
2020-02-04,Pair,2,2020-02-04:4,8,"Mead, Peszek","Dean, Grady"
2020-02-04,Pair,2,2020-02-04:4,46,"Mead, Peszek","Flagg, Knippen"
2020-02-04,Pair,2,2020-02-04:4,9,"Mead, Peszek","Carlson, Wallis"
2020-02-04,Pair,2,2020-02-04:4,3,"Mead, Peszek","Corrigan, Harrity"
2020-02-04,Pair,2,2020-02-04:4,5,"Dean, Grady","Eble, Miklasevich"
2020-02-04,Pair,2,2020-02-04:4,33,"Eble, Miklasevich","Flagg, Knippen"
2020-02-04,Pair,2,2020-02-04:4,4,"Carlson, Wallis","Eble, Miklasevich"
2020-02-04,Pair,2,2020-02-04:4,10,"Corrigan, Harrity","Eble, Miklasevich"
2020-02-04,Pair,2,2020-02-04:4,38,"Dean, Grady","Flagg, Knippen"
2020-02-04,Pair,2,2020-02-04:4,1,"Dean, Grady","Carlson, Wallis"
2020-02-04,Pair,2,2020-02-04:4,5,"Corrigan, Harrity","Dean, Grady"
2020-02-04,Pair,2,2020-02-04:4,37,"Carlson, Wallis","Flagg, Knippen"
2020-02-04,Pair,2,2020-02-04:4,43,"Corrigan, Harrity","Flagg, Knippen"
2020-02-04,Pair,2,2020-02-04:4,6,"Corrigan, Harrity","Carlson, Wallis"
2020-02-05,Pair,2,2020-02-05:1,3,"Best, Gaard","Landboe, Molitor"
2020-02-05,Pair,2,2020-02-05:2,1,"Landboe, Molitor","Best, Gaard"
2020-02-05,Pair,2,2020-02-05:3,17,"Landboe, Molitor","Best, Gaard"
2020-02-05,Pair,2,2020-02-05:4,4,"Landboe, Molitor","Best, Gaard"
2020-02-07,Pair,2,2020-02-07:1,10.6,"Mead, Peszek","Dethlefs, Reed"
2020-02-07,Pair,2,2020-02-07:1,10.2,"Hack, Karwoski","Dethlefs, Reed"
2020-02-07,Pair,2,2020-02-07:1,9.8,"Corrigan, Harrity","Dethlefs, Reed"
2020-02-07,Pair,2,2020-02-07:1,8.8,"Davison, DiSanto","Dethlefs, Reed"
2020-02-07,Pair,2,2020-02-07:1,8.2,"Eble, Miklasevich","Dethlefs, Reed"
2020-02-07,Pair,2,2020-02-07:1,12.2,"Carlson, Wallis","Dethlefs, Reed"
2020-02-07,Pair,2,2020-02-07:1,9.2,"Richards, Weiss","Dethlefs, Reed"
2020-02-07,Pair,2,2020-02-07:1,9.7,"Dean, Grady","Dethlefs, Reed"
2020-02-07,Pair,2,2020-02-07:1,4.5,"Dethlefs, Reed","Flagg, Knippen"
2020-02-07,Pair,2,2020-02-07:1,0.4,"Mead, Peszek","Hack, Karwoski"
2020-02-07,Pair,2,2020-02-07:1,0.8,"Mead, Peszek","Corrigan, Harrity"
2020-02-07,Pair,2,2020-02-07:1,1.8,"Mead, Peszek","Davison, DiSanto"
2020-02-07,Pair,2,2020-02-07:1,2.4,"Mead, Peszek","Eble, Miklasevich"
2020-02-07,Pair,2,2020-02-07:1,1.6,"Carlson, Wallis","Mead, Peszek"
2020-02-07,Pair,2,2020-02-07:1,1.4,"Mead, Peszek","Richards, Weiss"
2020-02-07,Pair,2,2020-02-07:1,0.9,"Mead, Peszek","Dean, Grady"
2020-02-07,Pair,2,2020-02-07:1,15.1,"Mead, Peszek","Flagg, Knippen"
2020-02-07,Pair,2,2020-02-07:1,0.4,"Hack, Karwoski","Corrigan, Harrity"
2020-02-07,Pair,2,2020-02-07:1,1.4,"Hack, Karwoski","Davison, DiSanto"
2020-02-07,Pair,2,2020-02-07:1,2,"Hack, Karwoski","Eble, Miklasevich"
2020-02-07,Pair,2,2020-02-07:1,2,"Carlson, Wallis","Hack, Karwoski"
2020-02-07,Pair,2,2020-02-07:1,1,"Hack, Karwoski","Richards, Weiss"
2020-02-07,Pair,2,2020-02-07:1,0.5,"Hack, Karwoski","Dean, Grady"
2020-02-07,Pair,2,2020-02-07:1,14.7,"Hack, Karwoski","Flagg, Knippen"
2020-02-07,Pair,2,2020-02-07:1,1,"Corrigan, Harrity","Davison, DiSanto"
2020-02-07,Pair,2,2020-02-07:1,1.6,"Corrigan, Harrity","Eble, Miklasevich"
2020-02-07,Pair,2,2020-02-07:1,2.4,"Carlson, Wallis","Corrigan, Harrity"
2020-02-07,Pair,2,2020-02-07:1,0.6,"Corrigan, Harrity","Richards, Weiss"
2020-02-07,Pair,2,2020-02-07:1,0.1,"Corrigan, Harrity","Dean, Grady"
2020-02-07,Pair,2,2020-02-07:1,14.3,"Corrigan, Harrity","Flagg, Knippen"
2020-02-07,Pair,2,2020-02-07:1,0.6,"Davison, DiSanto","Eble, Miklasevich"
2020-02-07,Pair,2,2020-02-07:1,3.4,"Carlson, Wallis","Davison, DiSanto"
2020-02-07,Pair,2,2020-02-07:1,0.4,"Richards, Weiss","Davison, DiSanto"
2020-02-07,Pair,2,2020-02-07:1,0.9,"Dean, Grady","Davison, DiSanto"
2020-02-07,Pair,2,2020-02-07:1,13.3,"Davison, DiSanto","Flagg, Knippen"
2020-02-07,Pair,2,2020-02-07:1,4,"Carlson, Wallis","Eble, Miklasevich"
2020-02-07,Pair,2,2020-02-07:1,1,"Richards, Weiss","Eble, Miklasevich"
2020-02-07,Pair,2,2020-02-07:1,1.5,"Dean, Grady","Eble, Miklasevich"
2020-02-07,Pair,2,2020-02-07:1,12.7,"Eble, Miklasevich","Flagg, Knippen"
2020-02-07,Pair,2,2020-02-07:1,3,"Carlson, Wallis","Richards, Weiss"
2020-02-07,Pair,2,2020-02-07:1,2.5,"Carlson, Wallis","Dean, Grady"
2020-02-07,Pair,2,2020-02-07:1,16.7,"Carlson, Wallis","Flagg, Knippen"
2020-02-07,Pair,2,2020-02-07:1,0.5,"Dean, Grady","Richards, Weiss"
2020-02-07,Pair,2,2020-02-07:1,13.7,"Richards, Weiss","Flagg, Knippen"
2020-02-07,Pair,2,2020-02-07:1,14.2,"Dean, Grady","Flagg, Knippen"
2020-02-07,Pair,2,2020-02-07:2,0.1,"Dethlefs, Reed","Mead, Peszek"
2020-02-07,Pair,2,2020-02-07:2,4.2,"Dethlefs, Reed","Hack, Karwoski"
2020-02-07,Pair,2,2020-02-07:2,6.4,"Dethlefs, Reed","Davison, DiSanto"
2020-02-07,Pair,2,2020-02-07:2,5.2,"Dethlefs, Reed","Eble, Miklasevich"
2020-02-07,Pair,2,2020-02-07:2,4.1,"Dethlefs, Reed","Carlson, Wallis"
2020-02-07,Pair,2,2020-02-07:2,3.7,"Dethlefs, Reed","Richards, Weiss"
2020-02-07,Pair,2,2020-02-07:2,11.3,"Dethlefs, Reed","Dean, Grady"
2020-02-07,Pair,2,2020-02-07:2,11,"Dethlefs, Reed","Flagg, Knippen"
2020-02-07,Pair,2,2020-02-07:2,4.1,"Mead, Peszek","Hack, Karwoski"
2020-02-07,Pair,2,2020-02-07:2,0.1,"Corrigan, Harrity","Mead, Peszek"
2020-02-07,Pair,2,2020-02-07:2,6.3,"Mead, Peszek","Davison, DiSanto"
2020-02-07,Pair,2,2020-02-07:2,5.1,"Mead, Peszek","Eble, Miklasevich"
2020-02-07,Pair,2,2020-02-07:2,4,"Mead, Peszek","Carlson, Wallis"
2020-02-07,Pair,2,2020-02-07:2,3.6,"Mead, Peszek","Richards, Weiss"
2020-02-07,Pair,2,2020-02-07:2,11.2,"Mead, Peszek","Dean, Grady"
2020-02-07,Pair,2,2020-02-07:2,10.9,"Mead, Peszek","Flagg, Knippen"
2020-02-07,Pair,2,2020-02-07:2,4.2,"Corrigan, Harrity","Hack, Karwoski"
2020-02-07,Pair,2,2020-02-07:2,2.2,"Hack, Karwoski","Davison, DiSanto"
2020-02-07,Pair,2,2020-02-07:2,1,"Hack, Karwoski","Eble, Miklasevich"
2020-02-07,Pair,2,2020-02-07:2,0.1,"Carlson, Wallis","Hack, Karwoski"
2020-02-07,Pair,2,2020-02-07:2,0.5,"Richards, Weiss","Hack, Karwoski"
2020-02-07,Pair,2,2020-02-07:2,7.1,"Hack, Karwoski","Dean, Grady"
2020-02-07,Pair,2,2020-02-07:2,6.8,"Hack, Karwoski","Flagg, Knippen"
2020-02-07,Pair,2,2020-02-07:2,6.4,"Corrigan, Harrity","Davison, DiSanto"
2020-02-07,Pair,2,2020-02-07:2,5.2,"Corrigan, Harrity","Eble, Miklasevich"
2020-02-07,Pair,2,2020-02-07:2,4.1,"Corrigan, Harrity","Carlson, Wallis"
2020-02-07,Pair,2,2020-02-07:2,3.7,"Corrigan, Harrity","Richards, Weiss"
2020-02-07,Pair,2,2020-02-07:2,11.3,"Corrigan, Harrity","Dean, Grady"
2020-02-07,Pair,2,2020-02-07:2,11,"Corrigan, Harrity","Flagg, Knippen"
2020-02-07,Pair,2,2020-02-07:2,1.2,"Eble, Miklasevich","Davison, DiSanto"
2020-02-07,Pair,2,2020-02-07:2,2.3,"Carlson, Wallis","Davison, DiSanto"
2020-02-07,Pair,2,2020-02-07:2,2.7,"Richards, Weiss","Davison, DiSanto"
2020-02-07,Pair,2,2020-02-07:2,4.9,"Davison, DiSanto","Dean, Grady"
2020-02-07,Pair,2,2020-02-07:2,4.6,"Davison, DiSanto","Flagg, Knippen"
2020-02-07,Pair,2,2020-02-07:2,1.1,"Carlson, Wallis","Eble, Miklasevich"
2020-02-07,Pair,2,2020-02-07:2,1.5,"Richards, Weiss","Eble, Miklasevich"
2020-02-07,Pair,2,2020-02-07:2,6.1,"Eble, Miklasevich","Dean, Grady"
2020-02-07,Pair,2,2020-02-07:2,5.8,"Eble, Miklasevich","Flagg, Knippen"
2020-02-07,Pair,2,2020-02-07:2,0.4,"Richards, Weiss","Carlson, Wallis"
2020-02-07,Pair,2,2020-02-07:2,7.2,"Carlson, Wallis","Dean, Grady"
2020-02-07,Pair,2,2020-02-07:2,6.9,"Carlson, Wallis","Flagg, Knippen"
2020-02-07,Pair,2,2020-02-07:2,7.6,"Richards, Weiss","Dean, Grady"
2020-02-07,Pair,2,2020-02-07:2,7.3,"Richards, Weiss","Flagg, Knippen"
2020-02-07,Pair,2,2020-02-07:2,0.3,"Flagg, Knippen","Dean, Grady"
2020-02-07,Pair,2,2020-02-07:3,9.7,"Mead, Peszek","Dethlefs, Reed"
2020-02-07,Pair,2,2020-02-07:3,6.8,"Hack, Karwoski","Dethlefs, Reed"
2020-02-07,Pair,2,2020-02-07:3,9.9,"Corrigan, Harrity","Dethlefs, Reed"
2020-02-07,Pair,2,2020-02-07:3,5.2,"Davison, DiSanto","Dethlefs, Reed"
2020-02-07,Pair,2,2020-02-07:3,2.2,"Dethlefs, Reed","Eble, Miklasevich"
2020-02-07,Pair,2,2020-02-07:3,8.4,"Carlson, Wallis","Dethlefs, Reed"
2020-02-07,Pair,2,2020-02-07:3,6.6,"Richards, Weiss","Dethlefs, Reed"
2020-02-07,Pair,2,2020-02-07:3,10.9,"Dethlefs, Reed","Flagg, Knippen"
2020-02-07,Pair,2,2020-02-07:3,2.9,"Mead, Peszek","Hack, Karwoski"
2020-02-07,Pair,2,2020-02-07:3,0.2,"Corrigan, Harrity","Mead, Peszek"
2020-02-07,Pair,2,2020-02-07:3,4.5,"Mead, Peszek","Davison, DiSanto"
2020-02-07,Pair,2,2020-02-07:3,11.9,"Mead, Peszek","Eble, Miklasevich"
2020-02-07,Pair,2,2020-02-07:3,1.3,"Mead, Peszek","Carlson, Wallis"
2020-02-07,Pair,2,2020-02-07:3,3.1,"Mead, Peszek","Richards, Weiss"
2020-02-07,Pair,2,2020-02-07:3,20.6,"Mead, Peszek","Flagg, Knippen"
2020-02-07,Pair,2,2020-02-07:3,3.1,"Corrigan, Harrity","Hack, Karwoski"
2020-02-07,Pair,2,2020-02-07:3,1.6,"Hack, Karwoski","Davison, DiSanto"
2020-02-07,Pair,2,2020-02-07:3,9,"Hack, Karwoski","Eble, Miklasevich"
2020-02-07,Pair,2,2020-02-07:3,1.6,"Carlson, Wallis","Hack, Karwoski"
2020-02-07,Pair,2,2020-02-07:3,0.2,"Hack, Karwoski","Richards, Weiss"
2020-02-07,Pair,2,2020-02-07:3,17.7,"Hack, Karwoski","Flagg, Knippen"
2020-02-07,Pair,2,2020-02-07:3,4.7,"Corrigan, Harrity","Davison, DiSanto"
2020-02-07,Pair,2,2020-02-07:3,12.1,"Corrigan, Harrity","Eble, Miklasevich"
2020-02-07,Pair,2,2020-02-07:3,1.5,"Corrigan, Harrity","Carlson, Wallis"
2020-02-07,Pair,2,2020-02-07:3,3.3,"Corrigan, Harrity","Richards, Weiss"
2020-02-07,Pair,2,2020-02-07:3,20.8,"Corrigan, Harrity","Flagg, Knippen"
2020-02-07,Pair,2,2020-02-07:3,7.4,"Davison, DiSanto","Eble, Miklasevich"
2020-02-07,Pair,2,2020-02-07:3,3.2,"Carlson, Wallis","Davison, DiSanto"
2020-02-07,Pair,2,2020-02-07:3,1.4,"Richards, Weiss","Davison, DiSanto"
2020-02-07,Pair,2,2020-02-07:3,16.1,"Davison, DiSanto","Flagg, Knippen"
2020-02-07,Pair,2,2020-02-07:3,10.6,"Carlson, Wallis","Eble, Miklasevich"
2020-02-07,Pair,2,2020-02-07:3,8.8,"Richards, Weiss","Eble, Miklasevich"
2020-02-07,Pair,2,2020-02-07:3,8.7,"Eble, Miklasevich","Flagg, Knippen"
2020-02-07,Pair,2,2020-02-07:3,1.8,"Carlson, Wallis","Richards, Weiss"
2020-02-07,Pair,2,2020-02-07:3,19.3,"Carlson, Wallis","Flagg, Knippen"
2020-02-07,Pair,2,2020-02-07:3,17.5,"Richards, Weiss","Flagg, Knippen"
2020-02-09,Four,4,2020-02-09:1,1,"Best, Gaard, Landboe, Madison","Clougher, Davis, Messner, Moffitt"
2020-02-11,Four,4,2020-02-11:1,5,"Carlson, Eble, Miklasevich, Wallis","Dean, Flagg, Grady, Knippen"
2020-02-11,Four,4,2020-02-11:1,19,"Corrigan, DiSanto, Harrity, Karwoski","Dean, Flagg, Grady, Knippen"
2020-02-11,Four,4,2020-02-11:1,16,"Davison, Hack, Richards, Weiss","Dean, Flagg, Grady, Knippen"
2020-02-11,Four,4,2020-02-11:1,25,"Dethlefs, Mead, Peszek, Reed","Dean, Flagg, Grady, Knippen"
2020-02-11,Four,4,2020-02-11:1,14,"Corrigan, DiSanto, Harrity, Karwoski","Carlson, Eble, Miklasevich, Wallis"
2020-02-11,Four,4,2020-02-11:1,11,"Davison, Hack, Richards, Weiss","Carlson, Eble, Miklasevich, Wallis"
2020-02-11,Four,4,2020-02-11:1,20,"Dethlefs, Mead, Peszek, Reed","Carlson, Eble, Miklasevich, Wallis"
2020-02-11,Four,4,2020-02-11:1,3,"Corrigan, DiSanto, Harrity, Karwoski","Davison, Hack, Richards, Weiss"
2020-02-11,Four,4,2020-02-11:1,6,"Dethlefs, Mead, Peszek, Reed","Corrigan, DiSanto, Harrity, Karwoski"
2020-02-11,Four,4,2020-02-11:1,9,"Dethlefs, Mead, Peszek, Reed","Davison, Hack, Richards, Weiss"
2020-02-11,Four,4,2020-02-11:2,15,"Carlson, Eble, Miklasevich, Wallis","Dean, Flagg, Grady, Knippen"
2020-02-11,Four,4,2020-02-11:2,21,"Corrigan, DiSanto, Harrity, Karwoski","Dean, Flagg, Grady, Knippen"
2020-02-11,Four,4,2020-02-11:2,14,"Davison, Hack, Richards, Weiss","Dean, Flagg, Grady, Knippen"
2020-02-11,Four,4,2020-02-11:2,21,"Dethlefs, Mead, Peszek, Reed","Dean, Flagg, Grady, Knippen"
2020-02-11,Four,4,2020-02-11:2,6,"Corrigan, DiSanto, Harrity, Karwoski","Carlson, Eble, Miklasevich, Wallis"
2020-02-11,Four,4,2020-02-11:2,1,"Carlson, Eble, Miklasevich, Wallis","Davison, Hack, Richards, Weiss"
2020-02-11,Four,4,2020-02-11:2,6,"Dethlefs, Mead, Peszek, Reed","Carlson, Eble, Miklasevich, Wallis"
2020-02-11,Four,4,2020-02-11:2,7,"Corrigan, DiSanto, Harrity, Karwoski","Davison, Hack, Richards, Weiss"
2020-02-11,Four,4,2020-02-11:2,7,"Dethlefs, Mead, Peszek, Reed","Davison, Hack, Richards, Weiss"
2020-02-11,Four,4,2020-02-11:3,15,"Carlson, Eble, Miklasevich, Wallis","Dean, Flagg, Grady, Knippen"
2020-02-11,Four,4,2020-02-11:3,23,"Corrigan, DiSanto, Harrity, Karwoski","Dean, Flagg, Grady, Knippen"
2020-02-11,Four,4,2020-02-11:3,18,"Davison, Hack, Richards, Weiss","Dean, Flagg, Grady, Knippen"
2020-02-11,Four,4,2020-02-11:3,23,"Dethlefs, Mead, Peszek, Reed","Dean, Flagg, Grady, Knippen"
2020-02-11,Four,4,2020-02-11:3,8,"Corrigan, DiSanto, Harrity, Karwoski","Carlson, Eble, Miklasevich, Wallis"
2020-02-11,Four,4,2020-02-11:3,3,"Davison, Hack, Richards, Weiss","Carlson, Eble, Miklasevich, Wallis"
2020-02-11,Four,4,2020-02-11:3,8,"Dethlefs, Mead, Peszek, Reed","Carlson, Eble, Miklasevich, Wallis"
2020-02-11,Four,4,2020-02-11:3,5,"Corrigan, DiSanto, Harrity, Karwoski","Davison, Hack, Richards, Weiss"
2020-02-11,Four,4,2020-02-11:3,5,"Dethlefs, Mead, Peszek, Reed","Davison, Hack, Richards, Weiss"
2020-02-11,Pair,2,2020-02-11:1,3,"Furey, Messner","Clougher, Davis"
2020-02-11,Pair,2,2020-02-11:2,3,"Clougher, Davis","Furey, Messner"
2020-02-14,Pair,2,2020-02-14:1,1.5,"Mead, Peszek","Dethlefs, Reed"
2020-02-14,Pair,2,2020-02-14:1,9.3,"Dethlefs, Reed","Hack, Karwoski"
2020-02-14,Pair,2,2020-02-14:1,2.3,"Corrigan, Harrity","Dethlefs, Reed"
2020-02-14,Pair,2,2020-02-14:1,0.4,"Davison, DiSanto","Dethlefs, Reed"
2020-02-14,Pair,2,2020-02-14:1,2.9,"Dethlefs, Reed","Eble, Miklasevich"
2020-02-14,Pair,2,2020-02-14:1,0.7,"Carlson, Wallis","Dethlefs, Reed"
2020-02-14,Pair,2,2020-02-14:1,4.8,"Dethlefs, Reed","Richards, Weiss"
2020-02-14,Pair,2,2020-02-14:1,2.2,"Dethlefs, Reed","Dean, Grady"
2020-02-14,Pair,2,2020-02-14:1,11.3,"Dethlefs, Reed","Flagg, Knippen"
2020-02-14,Pair,2,2020-02-14:1,10.8,"Mead, Peszek","Hack, Karwoski"
2020-02-14,Pair,2,2020-02-14:1,0.8,"Corrigan, Harrity","Mead, Peszek"
2020-02-14,Pair,2,2020-02-14:1,1.1,"Mead, Peszek","Davison, DiSanto"
2020-02-14,Pair,2,2020-02-14:1,4.4,"Mead, Peszek","Eble, Miklasevich"
2020-02-14,Pair,2,2020-02-14:1,0.8,"Mead, Peszek","Carlson, Wallis"
2020-02-14,Pair,2,2020-02-14:1,6.3,"Mead, Peszek","Richards, Weiss"
2020-02-14,Pair,2,2020-02-14:1,3.7,"Mead, Peszek","Dean, Grady"
2020-02-14,Pair,2,2020-02-14:1,12.8,"Mead, Peszek","Flagg, Knippen"
2020-02-14,Pair,2,2020-02-14:1,11.6,"Corrigan, Harrity","Hack, Karwoski"
2020-02-14,Pair,2,2020-02-14:1,9.7,"Davison, DiSanto","Hack, Karwoski"
2020-02-14,Pair,2,2020-02-14:1,6.4,"Eble, Miklasevich","Hack, Karwoski"
2020-02-14,Pair,2,2020-02-14:1,10,"Carlson, Wallis","Hack, Karwoski"
2020-02-14,Pair,2,2020-02-14:1,4.5,"Richards, Weiss","Hack, Karwoski"
2020-02-14,Pair,2,2020-02-14:1,7.1,"Dean, Grady","Hack, Karwoski"
2020-02-14,Pair,2,2020-02-14:1,2,"Hack, Karwoski","Flagg, Knippen"
2020-02-14,Pair,2,2020-02-14:1,1.9,"Corrigan, Harrity","Davison, DiSanto"
2020-02-14,Pair,2,2020-02-14:1,5.2,"Corrigan, Harrity","Eble, Miklasevich"
2020-02-14,Pair,2,2020-02-14:1,1.6,"Corrigan, Harrity","Carlson, Wallis"
2020-02-14,Pair,2,2020-02-14:1,7.1,"Corrigan, Harrity","Richards, Weiss"
2020-02-14,Pair,2,2020-02-14:1,4.5,"Corrigan, Harrity","Dean, Grady"
2020-02-14,Pair,2,2020-02-14:1,13.6,"Corrigan, Harrity","Flagg, Knippen"
2020-02-14,Pair,2,2020-02-14:1,3.3,"Davison, DiSanto","Eble, Miklasevich"
2020-02-14,Pair,2,2020-02-14:1,0.3,"Carlson, Wallis","Davison, DiSanto"
2020-02-14,Pair,2,2020-02-14:1,5.2,"Davison, DiSanto","Richards, Weiss"
2020-02-14,Pair,2,2020-02-14:1,2.6,"Davison, DiSanto","Dean, Grady"
2020-02-14,Pair,2,2020-02-14:1,11.7,"Davison, DiSanto","Flagg, Knippen"
2020-02-14,Pair,2,2020-02-14:1,3.6,"Carlson, Wallis","Eble, Miklasevich"
2020-02-14,Pair,2,2020-02-14:1,1.9,"Eble, Miklasevich","Richards, Weiss"
2020-02-14,Pair,2,2020-02-14:1,0.7,"Dean, Grady","Eble, Miklasevich"
2020-02-14,Pair,2,2020-02-14:1,8.4,"Eble, Miklasevich","Flagg, Knippen"
2020-02-14,Pair,2,2020-02-14:1,5.5,"Carlson, Wallis","Richards, Weiss"
2020-02-14,Pair,2,2020-02-14:1,2.9,"Carlson, Wallis","Dean, Grady"
2020-02-14,Pair,2,2020-02-14:1,12,"Carlson, Wallis","Flagg, Knippen"
2020-02-14,Pair,2,2020-02-14:1,2.6,"Dean, Grady","Richards, Weiss"
2020-02-14,Pair,2,2020-02-14:1,6.5,"Richards, Weiss","Flagg, Knippen"
2020-02-14,Pair,2,2020-02-14:1,9.1,"Dean, Grady","Flagg, Knippen"
2020-02-14,Pair,2,2020-02-14:2,3.8,"Hack, Karwoski","Dethlefs, Reed"
2020-02-14,Pair,2,2020-02-14:2,3.7,"Corrigan, Harrity","Dethlefs, Reed"
2020-02-14,Pair,2,2020-02-14:2,4.3,"Dethlefs, Reed","Davison, DiSanto"
2020-02-14,Pair,2,2020-02-14:2,3.9,"Dethlefs, Reed","Eble, Miklasevich"
2020-02-14,Pair,2,2020-02-14:2,1.3,"Dethlefs, Reed","Carlson, Wallis"
2020-02-14,Pair,2,2020-02-14:2,4.1,"Dethlefs, Reed","Richards, Weiss"
2020-02-14,Pair,2,2020-02-14:2,10.8,"Dethlefs, Reed","Dean, Grady"
2020-02-14,Pair,2,2020-02-14:2,18.8,"Dethlefs, Reed","Flagg, Knippen"
2020-02-14,Pair,2,2020-02-14:2,3.8,"Hack, Karwoski","Mead, Peszek"
2020-02-14,Pair,2,2020-02-14:2,3.7,"Corrigan, Harrity","Mead, Peszek"
2020-02-14,Pair,2,2020-02-14:2,4.3,"Mead, Peszek","Davison, DiSanto"
2020-02-14,Pair,2,2020-02-14:2,3.9,"Mead, Peszek","Eble, Miklasevich"
2020-02-14,Pair,2,2020-02-14:2,1.3,"Mead, Peszek","Carlson, Wallis"
2020-02-14,Pair,2,2020-02-14:2,4.1,"Mead, Peszek","Richards, Weiss"
2020-02-14,Pair,2,2020-02-14:2,10.8,"Mead, Peszek","Dean, Grady"
2020-02-14,Pair,2,2020-02-14:2,18.8,"Mead, Peszek","Flagg, Knippen"
2020-02-14,Pair,2,2020-02-14:2,0.1,"Hack, Karwoski","Corrigan, Harrity"
2020-02-14,Pair,2,2020-02-14:2,8.1,"Hack, Karwoski","Davison, DiSanto"
2020-02-14,Pair,2,2020-02-14:2,7.7,"Hack, Karwoski","Eble, Miklasevich"
2020-02-14,Pair,2,2020-02-14:2,5.1,"Hack, Karwoski","Carlson, Wallis"
2020-02-14,Pair,2,2020-02-14:2,7.9,"Hack, Karwoski","Richards, Weiss"
2020-02-14,Pair,2,2020-02-14:2,14.6,"Hack, Karwoski","Dean, Grady"
2020-02-14,Pair,2,2020-02-14:2,22.6,"Hack, Karwoski","Flagg, Knippen"
2020-02-14,Pair,2,2020-02-14:2,8,"Corrigan, Harrity","Davison, DiSanto"
2020-02-14,Pair,2,2020-02-14:2,7.6,"Corrigan, Harrity","Eble, Miklasevich"
2020-02-14,Pair,2,2020-02-14:2,5,"Corrigan, Harrity","Carlson, Wallis"
2020-02-14,Pair,2,2020-02-14:2,7.8,"Corrigan, Harrity","Richards, Weiss"
2020-02-14,Pair,2,2020-02-14:2,14.5,"Corrigan, Harrity","Dean, Grady"
2020-02-14,Pair,2,2020-02-14:2,22.5,"Corrigan, Harrity","Flagg, Knippen"
2020-02-14,Pair,2,2020-02-14:2,0.4,"Eble, Miklasevich","Davison, DiSanto"
2020-02-14,Pair,2,2020-02-14:2,3,"Carlson, Wallis","Davison, DiSanto"
2020-02-14,Pair,2,2020-02-14:2,0.2,"Richards, Weiss","Davison, DiSanto"
2020-02-14,Pair,2,2020-02-14:2,6.5,"Davison, DiSanto","Dean, Grady"
2020-02-14,Pair,2,2020-02-14:2,14.5,"Davison, DiSanto","Flagg, Knippen"
2020-02-14,Pair,2,2020-02-14:2,2.6,"Carlson, Wallis","Eble, Miklasevich"
2020-02-14,Pair,2,2020-02-14:2,0.2,"Eble, Miklasevich","Richards, Weiss"
2020-02-14,Pair,2,2020-02-14:2,6.9,"Eble, Miklasevich","Dean, Grady"
2020-02-14,Pair,2,2020-02-14:2,14.9,"Eble, Miklasevich","Flagg, Knippen"
2020-02-14,Pair,2,2020-02-14:2,2.8,"Carlson, Wallis","Richards, Weiss"
2020-02-14,Pair,2,2020-02-14:2,9.5,"Carlson, Wallis","Dean, Grady"
2020-02-14,Pair,2,2020-02-14:2,17.5,"Carlson, Wallis","Flagg, Knippen"
2020-02-14,Pair,2,2020-02-14:2,6.7,"Richards, Weiss","Dean, Grady"
2020-02-14,Pair,2,2020-02-14:2,14.7,"Richards, Weiss","Flagg, Knippen"
2020-02-14,Pair,2,2020-02-14:2,8,"Dean, Grady","Flagg, Knippen"
2020-02-14,Pair,2,2020-02-14:3,4.7,"Mead, Peszek","Dethlefs, Reed"
2020-02-14,Pair,2,2020-02-14:3,6,"Hack, Karwoski","Dethlefs, Reed"
2020-02-14,Pair,2,2020-02-14:3,7.9,"Corrigan, Harrity","Dethlefs, Reed"
2020-02-14,Pair,2,2020-02-14:3,3.3,"Davison, DiSanto","Dethlefs, Reed"
2020-02-14,Pair,2,2020-02-14:3,4.1,"Eble, Miklasevich","Dethlefs, Reed"
2020-02-14,Pair,2,2020-02-14:3,4.8,"Dethlefs, Reed","Carlson, Wallis"
2020-02-14,Pair,2,2020-02-14:3,5.7,"Richards, Weiss","Dethlefs, Reed"
2020-02-14,Pair,2,2020-02-14:3,2.5,"Dean, Grady","Dethlefs, Reed"
2020-02-14,Pair,2,2020-02-14:3,5,"Flagg, Knippen","Dethlefs, Reed"
2020-02-14,Pair,2,2020-02-14:3,1.3,"Hack, Karwoski","Mead, Peszek"
2020-02-14,Pair,2,2020-02-14:3,3.2,"Corrigan, Harrity","Mead, Peszek"
2020-02-14,Pair,2,2020-02-14:3,1.4,"Mead, Peszek","Davison, DiSanto"
2020-02-14,Pair,2,2020-02-14:3,0.6,"Mead, Peszek","Eble, Miklasevich"
2020-02-14,Pair,2,2020-02-14:3,9.5,"Mead, Peszek","Carlson, Wallis"
2020-02-14,Pair,2,2020-02-14:3,1,"Richards, Weiss","Mead, Peszek"
2020-02-14,Pair,2,2020-02-14:3,2.2,"Mead, Peszek","Dean, Grady"
2020-02-14,Pair,2,2020-02-14:3,0.3,"Flagg, Knippen","Mead, Peszek"
2020-02-14,Pair,2,2020-02-14:3,1.9,"Corrigan, Harrity","Hack, Karwoski"
2020-02-14,Pair,2,2020-02-14:3,2.7,"Hack, Karwoski","Davison, DiSanto"
2020-02-14,Pair,2,2020-02-14:3,1.9,"Hack, Karwoski","Eble, Miklasevich"
2020-02-14,Pair,2,2020-02-14:3,10.8,"Hack, Karwoski","Carlson, Wallis"
2020-02-14,Pair,2,2020-02-14:3,0.3,"Hack, Karwoski","Richards, Weiss"
2020-02-14,Pair,2,2020-02-14:3,3.5,"Hack, Karwoski","Dean, Grady"
2020-02-14,Pair,2,2020-02-14:3,1,"Hack, Karwoski","Flagg, Knippen"
2020-02-14,Pair,2,2020-02-14:3,4.6,"Corrigan, Harrity","Davison, DiSanto"
2020-02-14,Pair,2,2020-02-14:3,3.8,"Corrigan, Harrity","Eble, Miklasevich"
2020-02-14,Pair,2,2020-02-14:3,12.7,"Corrigan, Harrity","Carlson, Wallis"
2020-02-14,Pair,2,2020-02-14:3,2.2,"Corrigan, Harrity","Richards, Weiss"
2020-02-14,Pair,2,2020-02-14:3,5.4,"Corrigan, Harrity","Dean, Grady"
2020-02-14,Pair,2,2020-02-14:3,2.9,"Corrigan, Harrity","Flagg, Knippen"
2020-02-14,Pair,2,2020-02-14:3,0.8,"Eble, Miklasevich","Davison, DiSanto"
2020-02-14,Pair,2,2020-02-14:3,8.1,"Davison, DiSanto","Carlson, Wallis"
2020-02-14,Pair,2,2020-02-14:3,2.4,"Richards, Weiss","Davison, DiSanto"
2020-02-14,Pair,2,2020-02-14:3,0.8,"Davison, DiSanto","Dean, Grady"
2020-02-14,Pair,2,2020-02-14:3,1.7,"Flagg, Knippen","Davison, DiSanto"
2020-02-14,Pair,2,2020-02-14:3,8.9,"Eble, Miklasevich","Carlson, Wallis"
2020-02-14,Pair,2,2020-02-14:3,1.6,"Richards, Weiss","Eble, Miklasevich"
2020-02-14,Pair,2,2020-02-14:3,1.6,"Eble, Miklasevich","Dean, Grady"
2020-02-14,Pair,2,2020-02-14:3,0.9,"Flagg, Knippen","Eble, Miklasevich"
2020-02-14,Pair,2,2020-02-14:3,10.5,"Richards, Weiss","Carlson, Wallis"
2020-02-14,Pair,2,2020-02-14:3,7.3,"Dean, Grady","Carlson, Wallis"
2020-02-14,Pair,2,2020-02-14:3,9.8,"Flagg, Knippen","Carlson, Wallis"
2020-02-14,Pair,2,2020-02-14:3,3.2,"Richards, Weiss","Dean, Grady"
2020-02-14,Pair,2,2020-02-14:3,0.7,"Richards, Weiss","Flagg, Knippen"
2020-02-14,Pair,2,2020-02-14:3,2.5,"Flagg, Knippen","Dean, Grady"
2020-02-18,Pair,2,2020-02-18:1,10,"Dethlefs, Reed","Mead, Peszek"
2020-02-18,Pair,2,2020-02-18:1,1,"Hack, Karwoski","Dethlefs, Reed"
2020-02-18,Pair,2,2020-02-18:1,2,"Dethlefs, Reed","Corrigan, Harrity"
2020-02-18,Pair,2,2020-02-18:1,13,"Dethlefs, Reed","Davison, DiSanto"
2020-02-18,Pair,2,2020-02-18:1,5,"Dethlefs, Reed","Eble, Miklasevich"
2020-02-18,Pair,2,2020-02-18:1,20,"Dethlefs, Reed","Carlson, Wallis"
2020-02-18,Pair,2,2020-02-18:1,9,"Dethlefs, Reed","Richards, Weiss"
2020-02-18,Pair,2,2020-02-18:1,16,"Dethlefs, Reed","Dean, Grady"
2020-02-18,Pair,2,2020-02-18:1,17,"Dethlefs, Reed","Flagg, Knippen"
2020-02-18,Pair,2,2020-02-18:1,11,"Hack, Karwoski","Mead, Peszek"
2020-02-18,Pair,2,2020-02-18:1,8,"Corrigan, Harrity","Mead, Peszek"
2020-02-18,Pair,2,2020-02-18:1,3,"Mead, Peszek","Davison, DiSanto"
2020-02-18,Pair,2,2020-02-18:1,5,"Eble, Miklasevich","Mead, Peszek"
2020-02-18,Pair,2,2020-02-18:1,10,"Mead, Peszek","Carlson, Wallis"
2020-02-18,Pair,2,2020-02-18:1,1,"Richards, Weiss","Mead, Peszek"
2020-02-18,Pair,2,2020-02-18:1,6,"Mead, Peszek","Dean, Grady"
2020-02-18,Pair,2,2020-02-18:1,7,"Mead, Peszek","Flagg, Knippen"
2020-02-18,Pair,2,2020-02-18:1,3,"Hack, Karwoski","Corrigan, Harrity"
2020-02-18,Pair,2,2020-02-18:1,14,"Hack, Karwoski","Davison, DiSanto"
2020-02-18,Pair,2,2020-02-18:1,6,"Hack, Karwoski","Eble, Miklasevich"
2020-02-18,Pair,2,2020-02-18:1,21,"Hack, Karwoski","Carlson, Wallis"
2020-02-18,Pair,2,2020-02-18:1,10,"Hack, Karwoski","Richards, Weiss"
2020-02-18,Pair,2,2020-02-18:1,17,"Hack, Karwoski","Dean, Grady"
2020-02-18,Pair,2,2020-02-18:1,18,"Hack, Karwoski","Flagg, Knippen"
2020-02-18,Pair,2,2020-02-18:1,11,"Corrigan, Harrity","Davison, DiSanto"
2020-02-18,Pair,2,2020-02-18:1,3,"Corrigan, Harrity","Eble, Miklasevich"
2020-02-18,Pair,2,2020-02-18:1,18,"Corrigan, Harrity","Carlson, Wallis"
2020-02-18,Pair,2,2020-02-18:1,7,"Corrigan, Harrity","Richards, Weiss"
2020-02-18,Pair,2,2020-02-18:1,14,"Corrigan, Harrity","Dean, Grady"
2020-02-18,Pair,2,2020-02-18:1,15,"Corrigan, Harrity","Flagg, Knippen"
2020-02-18,Pair,2,2020-02-18:1,8,"Eble, Miklasevich","Davison, DiSanto"
2020-02-18,Pair,2,2020-02-18:1,7,"Davison, DiSanto","Carlson, Wallis"
2020-02-18,Pair,2,2020-02-18:1,4,"Richards, Weiss","Davison, DiSanto"
2020-02-18,Pair,2,2020-02-18:1,3,"Davison, DiSanto","Dean, Grady"
2020-02-18,Pair,2,2020-02-18:1,4,"Davison, DiSanto","Flagg, Knippen"
2020-02-18,Pair,2,2020-02-18:1,15,"Eble, Miklasevich","Carlson, Wallis"
2020-02-18,Pair,2,2020-02-18:1,4,"Eble, Miklasevich","Richards, Weiss"
2020-02-18,Pair,2,2020-02-18:1,11,"Eble, Miklasevich","Dean, Grady"
2020-02-18,Pair,2,2020-02-18:1,12,"Eble, Miklasevich","Flagg, Knippen"
2020-02-18,Pair,2,2020-02-18:1,11,"Richards, Weiss","Carlson, Wallis"
2020-02-18,Pair,2,2020-02-18:1,4,"Dean, Grady","Carlson, Wallis"
2020-02-18,Pair,2,2020-02-18:1,3,"Flagg, Knippen","Carlson, Wallis"
2020-02-18,Pair,2,2020-02-18:1,7,"Richards, Weiss","Dean, Grady"
2020-02-18,Pair,2,2020-02-18:1,8,"Richards, Weiss","Flagg, Knippen"
2020-02-18,Pair,2,2020-02-18:1,1,"Dean, Grady","Flagg, Knippen"
2020-02-18,Pair,2,2020-02-18:2,1,"Mead, Peszek","Dethlefs, Reed"
2020-02-18,Pair,2,2020-02-18:2,2,"Dethlefs, Reed","Hack, Karwoski"
2020-02-18,Pair,2,2020-02-18:2,2,"Corrigan, Harrity","Dethlefs, Reed"
2020-02-18,Pair,2,2020-02-18:2,17,"Dethlefs, Reed","Davison, DiSanto"
2020-02-18,Pair,2,2020-02-18:2,5,"Dethlefs, Reed","Eble, Miklasevich"
2020-02-18,Pair,2,2020-02-18:2,16,"Dethlefs, Reed","Carlson, Wallis"
2020-02-18,Pair,2,2020-02-18:2,6,"Dethlefs, Reed","Richards, Weiss"
2020-02-18,Pair,2,2020-02-18:2,20,"Dethlefs, Reed","Dean, Grady"
2020-02-18,Pair,2,2020-02-18:2,16,"Dethlefs, Reed","Flagg, Knippen"
2020-02-18,Pair,2,2020-02-18:2,3,"Mead, Peszek","Hack, Karwoski"
2020-02-18,Pair,2,2020-02-18:2,1,"Corrigan, Harrity","Mead, Peszek"
2020-02-18,Pair,2,2020-02-18:2,18,"Mead, Peszek","Davison, DiSanto"
2020-02-18,Pair,2,2020-02-18:2,6,"Mead, Peszek","Eble, Miklasevich"
2020-02-18,Pair,2,2020-02-18:2,17,"Mead, Peszek","Carlson, Wallis"
2020-02-18,Pair,2,2020-02-18:2,7,"Mead, Peszek","Richards, Weiss"
2020-02-18,Pair,2,2020-02-18:2,21,"Mead, Peszek","Dean, Grady"
2020-02-18,Pair,2,2020-02-18:2,17,"Mead, Peszek","Flagg, Knippen"
2020-02-18,Pair,2,2020-02-18:2,4,"Corrigan, Harrity","Hack, Karwoski"
2020-02-18,Pair,2,2020-02-18:2,15,"Hack, Karwoski","Davison, DiSanto"
2020-02-18,Pair,2,2020-02-18:2,3,"Hack, Karwoski","Eble, Miklasevich"
2020-02-18,Pair,2,2020-02-18:2,14,"Hack, Karwoski","Carlson, Wallis"
2020-02-18,Pair,2,2020-02-18:2,4,"Hack, Karwoski","Richards, Weiss"
2020-02-18,Pair,2,2020-02-18:2,18,"Hack, Karwoski","Dean, Grady"
2020-02-18,Pair,2,2020-02-18:2,14,"Hack, Karwoski","Flagg, Knippen"
2020-02-18,Pair,2,2020-02-18:2,19,"Corrigan, Harrity","Davison, DiSanto"
2020-02-18,Pair,2,2020-02-18:2,7,"Corrigan, Harrity","Eble, Miklasevich"
2020-02-18,Pair,2,2020-02-18:2,18,"Corrigan, Harrity","Carlson, Wallis"
2020-02-18,Pair,2,2020-02-18:2,8,"Corrigan, Harrity","Richards, Weiss"
2020-02-18,Pair,2,2020-02-18:2,22,"Corrigan, Harrity","Dean, Grady"
2020-02-18,Pair,2,2020-02-18:2,18,"Corrigan, Harrity","Flagg, Knippen"
2020-02-18,Pair,2,2020-02-18:2,12,"Eble, Miklasevich","Davison, DiSanto"
2020-02-18,Pair,2,2020-02-18:2,1,"Carlson, Wallis","Davison, DiSanto"
2020-02-18,Pair,2,2020-02-18:2,11,"Richards, Weiss","Davison, DiSanto"
2020-02-18,Pair,2,2020-02-18:2,3,"Davison, DiSanto","Dean, Grady"
2020-02-18,Pair,2,2020-02-18:2,1,"Flagg, Knippen","Davison, DiSanto"
2020-02-18,Pair,2,2020-02-18:2,11,"Eble, Miklasevich","Carlson, Wallis"
2020-02-18,Pair,2,2020-02-18:2,1,"Eble, Miklasevich","Richards, Weiss"
2020-02-18,Pair,2,2020-02-18:2,15,"Eble, Miklasevich","Dean, Grady"
2020-02-18,Pair,2,2020-02-18:2,11,"Eble, Miklasevich","Flagg, Knippen"
2020-02-18,Pair,2,2020-02-18:2,10,"Richards, Weiss","Carlson, Wallis"
2020-02-18,Pair,2,2020-02-18:2,4,"Carlson, Wallis","Dean, Grady"
2020-02-18,Pair,2,2020-02-18:2,14,"Richards, Weiss","Dean, Grady"
2020-02-18,Pair,2,2020-02-18:2,10,"Richards, Weiss","Flagg, Knippen"
2020-02-18,Pair,2,2020-02-18:2,4,"Flagg, Knippen","Dean, Grady"
2020-02-18,Pair,2,2020-02-18:3,12,"Dethlefs, Reed","Mead, Peszek"
2020-02-18,Pair,2,2020-02-18:3,2,"Dethlefs, Reed","Hack, Karwoski"
2020-02-18,Pair,2,2020-02-18:3,2,"Dethlefs, Reed","Corrigan, Harrity"
2020-02-18,Pair,2,2020-02-18:3,27,"Dethlefs, Reed","Davison, DiSanto"
2020-02-18,Pair,2,2020-02-18:3,5,"Dethlefs, Reed","Eble, Miklasevich"
2020-02-18,Pair,2,2020-02-18:3,22,"Dethlefs, Reed","Carlson, Wallis"
2020-02-18,Pair,2,2020-02-18:3,4,"Dethlefs, Reed","Richards, Weiss"
2020-02-18,Pair,2,2020-02-18:3,14,"Dethlefs, Reed","Dean, Grady"
2020-02-18,Pair,2,2020-02-18:3,18,"Dethlefs, Reed","Flagg, Knippen"
2020-02-18,Pair,2,2020-02-18:3,10,"Hack, Karwoski","Mead, Peszek"
2020-02-18,Pair,2,2020-02-18:3,10,"Corrigan, Harrity","Mead, Peszek"
2020-02-18,Pair,2,2020-02-18:3,15,"Mead, Peszek","Davison, DiSanto"
2020-02-18,Pair,2,2020-02-18:3,7,"Eble, Miklasevich","Mead, Peszek"
2020-02-18,Pair,2,2020-02-18:3,10,"Mead, Peszek","Carlson, Wallis"
2020-02-18,Pair,2,2020-02-18:3,8,"Richards, Weiss","Mead, Peszek"
2020-02-18,Pair,2,2020-02-18:3,2,"Mead, Peszek","Dean, Grady"
2020-02-18,Pair,2,2020-02-18:3,6,"Mead, Peszek","Flagg, Knippen"
2020-02-18,Pair,2,2020-02-18:3,25,"Hack, Karwoski","Davison, DiSanto"
2020-02-18,Pair,2,2020-02-18:3,3,"Hack, Karwoski","Eble, Miklasevich"
2020-02-18,Pair,2,2020-02-18:3,20,"Hack, Karwoski","Carlson, Wallis"
2020-02-18,Pair,2,2020-02-18:3,2,"Hack, Karwoski","Richards, Weiss"
2020-02-18,Pair,2,2020-02-18:3,12,"Hack, Karwoski","Dean, Grady"
2020-02-18,Pair,2,2020-02-18:3,16,"Hack, Karwoski","Flagg, Knippen"
2020-02-18,Pair,2,2020-02-18:3,25,"Corrigan, Harrity","Davison, DiSanto"
2020-02-18,Pair,2,2020-02-18:3,3,"Corrigan, Harrity","Eble, Miklasevich"
2020-02-18,Pair,2,2020-02-18:3,20,"Corrigan, Harrity","Carlson, Wallis"
2020-02-18,Pair,2,2020-02-18:3,2,"Corrigan, Harrity","Richards, Weiss"
2020-02-18,Pair,2,2020-02-18:3,12,"Corrigan, Harrity","Dean, Grady"
2020-02-18,Pair,2,2020-02-18:3,16,"Corrigan, Harrity","Flagg, Knippen"
2020-02-18,Pair,2,2020-02-18:3,22,"Eble, Miklasevich","Davison, DiSanto"
2020-02-18,Pair,2,2020-02-18:3,5,"Carlson, Wallis","Davison, DiSanto"
2020-02-18,Pair,2,2020-02-18:3,23,"Richards, Weiss","Davison, DiSanto"
2020-02-18,Pair,2,2020-02-18:3,13,"Dean, Grady","Davison, DiSanto"
2020-02-18,Pair,2,2020-02-18:3,9,"Flagg, Knippen","Davison, DiSanto"
2020-02-18,Pair,2,2020-02-18:3,17,"Eble, Miklasevich","Carlson, Wallis"
2020-02-18,Pair,2,2020-02-18:3,1,"Richards, Weiss","Eble, Miklasevich"
2020-02-18,Pair,2,2020-02-18:3,9,"Eble, Miklasevich","Dean, Grady"
2020-02-18,Pair,2,2020-02-18:3,13,"Eble, Miklasevich","Flagg, Knippen"
2020-02-18,Pair,2,2020-02-18:3,18,"Richards, Weiss","Carlson, Wallis"
2020-02-18,Pair,2,2020-02-18:3,8,"Dean, Grady","Carlson, Wallis"
2020-02-18,Pair,2,2020-02-18:3,4,"Flagg, Knippen","Carlson, Wallis"
2020-02-18,Pair,2,2020-02-18:3,10,"Richards, Weiss","Dean, Grady"
2020-02-18,Pair,2,2020-02-18:3,14,"Richards, Weiss","Flagg, Knippen"
2020-02-18,Pair,2,2020-02-18:3,4,"Dean, Grady","Flagg, Knippen"
2020-02-21,Pair,2,2020-02-21:1,2,"Dethlefs, Reed","Mead, Peszek"
2020-02-21,Pair,2,2020-02-21:1,0.4,"Hack, Karwoski","Dethlefs, Reed"
2020-02-21,Pair,2,2020-02-21:1,0.4,"Corrigan, Harrity","Dethlefs, Reed"
2020-02-21,Pair,2,2020-02-21:1,1.8,"Dethlefs, Reed","Davison, DiSanto"
2020-02-21,Pair,2,2020-02-21:1,8.1,"Dethlefs, Reed","Eble, Miklasevich"
2020-02-21,Pair,2,2020-02-21:1,2.7,"Dethlefs, Reed","Carlson, Wallis"
2020-02-21,Pair,2,2020-02-21:1,3.8,"Dethlefs, Reed","Richards, Weiss"
2020-02-21,Pair,2,2020-02-21:1,3.2,"Dethlefs, Reed","Dean, Grady"
2020-02-21,Pair,2,2020-02-21:1,15.2,"Dethlefs, Reed","Flagg, Knippen"
2020-02-21,Pair,2,2020-02-21:1,2.4,"Hack, Karwoski","Mead, Peszek"
2020-02-21,Pair,2,2020-02-21:1,2.4,"Corrigan, Harrity","Mead, Peszek"
2020-02-21,Pair,2,2020-02-21:1,0.2,"Davison, DiSanto","Mead, Peszek"
2020-02-21,Pair,2,2020-02-21:1,6.1,"Mead, Peszek","Eble, Miklasevich"
2020-02-21,Pair,2,2020-02-21:1,0.7,"Mead, Peszek","Carlson, Wallis"
2020-02-21,Pair,2,2020-02-21:1,1.8,"Mead, Peszek","Richards, Weiss"
2020-02-21,Pair,2,2020-02-21:1,1.2,"Mead, Peszek","Dean, Grady"
2020-02-21,Pair,2,2020-02-21:1,13.2,"Mead, Peszek","Flagg, Knippen"
2020-02-21,Pair,2,2020-02-21:1,2.2,"Hack, Karwoski","Davison, DiSanto"
2020-02-21,Pair,2,2020-02-21:1,8.5,"Hack, Karwoski","Eble, Miklasevich"
2020-02-21,Pair,2,2020-02-21:1,3.1,"Hack, Karwoski","Carlson, Wallis"
2020-02-21,Pair,2,2020-02-21:1,4.2,"Hack, Karwoski","Richards, Weiss"
2020-02-21,Pair,2,2020-02-21:1,3.6,"Hack, Karwoski","Dean, Grady"
2020-02-21,Pair,2,2020-02-21:1,15.6,"Hack, Karwoski","Flagg, Knippen"
2020-02-21,Pair,2,2020-02-21:1,2.2,"Corrigan, Harrity","Davison, DiSanto"
2020-02-21,Pair,2,2020-02-21:1,8.5,"Corrigan, Harrity","Eble, Miklasevich"
2020-02-21,Pair,2,2020-02-21:1,3.1,"Corrigan, Harrity","Carlson, Wallis"
2020-02-21,Pair,2,2020-02-21:1,4.2,"Corrigan, Harrity","Richards, Weiss"
2020-02-21,Pair,2,2020-02-21:1,3.6,"Corrigan, Harrity","Dean, Grady"
2020-02-21,Pair,2,2020-02-21:1,15.6,"Corrigan, Harrity","Flagg, Knippen"
2020-02-21,Pair,2,2020-02-21:1,6.3,"Davison, DiSanto","Eble, Miklasevich"
2020-02-21,Pair,2,2020-02-21:1,0.9,"Davison, DiSanto","Carlson, Wallis"
2020-02-21,Pair,2,2020-02-21:1,2,"Davison, DiSanto","Richards, Weiss"
2020-02-21,Pair,2,2020-02-21:1,1.4,"Davison, DiSanto","Dean, Grady"
2020-02-21,Pair,2,2020-02-21:1,13.4,"Davison, DiSanto","Flagg, Knippen"
2020-02-21,Pair,2,2020-02-21:1,5.4,"Carlson, Wallis","Eble, Miklasevich"
2020-02-21,Pair,2,2020-02-21:1,4.3,"Richards, Weiss","Eble, Miklasevich"
2020-02-21,Pair,2,2020-02-21:1,4.9,"Dean, Grady","Eble, Miklasevich"
2020-02-21,Pair,2,2020-02-21:1,7.1,"Eble, Miklasevich","Flagg, Knippen"
2020-02-21,Pair,2,2020-02-21:1,1.1,"Carlson, Wallis","Richards, Weiss"
2020-02-21,Pair,2,2020-02-21:1,0.5,"Carlson, Wallis","Dean, Grady"
2020-02-21,Pair,2,2020-02-21:1,12.5,"Carlson, Wallis","Flagg, Knippen"
2020-02-21,Pair,2,2020-02-21:1,0.6,"Dean, Grady","Richards, Weiss"
2020-02-21,Pair,2,2020-02-21:1,11.4,"Richards, Weiss","Flagg, Knippen"
2020-02-21,Pair,2,2020-02-21:1,12,"Dean, Grady","Flagg, Knippen"
2020-02-21,Pair,2,2020-02-21:2,1.9,"Dethlefs, Reed","Mead, Peszek"
2020-02-21,Pair,2,2020-02-21:2,1.8,"Hack, Karwoski","Dethlefs, Reed"
2020-02-21,Pair,2,2020-02-21:2,0.9,"Corrigan, Harrity","Dethlefs, Reed"
2020-02-21,Pair,2,2020-02-21:2,3.1,"Dethlefs, Reed","Davison, DiSanto"
2020-02-21,Pair,2,2020-02-21:2,2.2,"Dethlefs, Reed","Eble, Miklasevich"
2020-02-21,Pair,2,2020-02-21:2,11.1,"Dethlefs, Reed","Carlson, Wallis"
2020-02-21,Pair,2,2020-02-21:2,2.6,"Dethlefs, Reed","Richards, Weiss"
2020-02-21,Pair,2,2020-02-21:2,15.5,"Dethlefs, Reed","Dean, Grady"
2020-02-21,Pair,2,2020-02-21:2,14.2,"Dethlefs, Reed","Flagg, Knippen"
2020-02-21,Pair,2,2020-02-21:2,3.7,"Hack, Karwoski","Mead, Peszek"
2020-02-21,Pair,2,2020-02-21:2,2.8,"Corrigan, Harrity","Mead, Peszek"
2020-02-21,Pair,2,2020-02-21:2,1.2,"Mead, Peszek","Davison, DiSanto"
2020-02-21,Pair,2,2020-02-21:2,0.3,"Mead, Peszek","Eble, Miklasevich"
2020-02-21,Pair,2,2020-02-21:2,9.2,"Mead, Peszek","Carlson, Wallis"
2020-02-21,Pair,2,2020-02-21:2,0.7,"Mead, Peszek","Richards, Weiss"
2020-02-21,Pair,2,2020-02-21:2,13.6,"Mead, Peszek","Dean, Grady"
2020-02-21,Pair,2,2020-02-21:2,12.3,"Mead, Peszek","Flagg, Knippen"
2020-02-21,Pair,2,2020-02-21:2,0.9,"Hack, Karwoski","Corrigan, Harrity"
2020-02-21,Pair,2,2020-02-21:2,4.9,"Hack, Karwoski","Davison, DiSanto"
2020-02-21,Pair,2,2020-02-21:2,4,"Hack, Karwoski","Eble, Miklasevich"
2020-02-21,Pair,2,2020-02-21:2,12.9,"Hack, Karwoski","Carlson, Wallis"
2020-02-21,Pair,2,2020-02-21:2,4.4,"Hack, Karwoski","Richards, Weiss"
2020-02-21,Pair,2,2020-02-21:2,17.3,"Hack, Karwoski","Dean, Grady"
2020-02-21,Pair,2,2020-02-21:2,16,"Hack, Karwoski","Flagg, Knippen"
2020-02-21,Pair,2,2020-02-21:2,4,"Corrigan, Harrity","Davison, DiSanto"
2020-02-21,Pair,2,2020-02-21:2,3.1,"Corrigan, Harrity","Eble, Miklasevich"
2020-02-21,Pair,2,2020-02-21:2,12,"Corrigan, Harrity","Carlson, Wallis"
2020-02-21,Pair,2,2020-02-21:2,3.5,"Corrigan, Harrity","Richards, Weiss"
2020-02-21,Pair,2,2020-02-21:2,16.4,"Corrigan, Harrity","Dean, Grady"
2020-02-21,Pair,2,2020-02-21:2,15.1,"Corrigan, Harrity","Flagg, Knippen"
2020-02-21,Pair,2,2020-02-21:2,0.9,"Eble, Miklasevich","Davison, DiSanto"
2020-02-21,Pair,2,2020-02-21:2,8,"Davison, DiSanto","Carlson, Wallis"
2020-02-21,Pair,2,2020-02-21:2,0.5,"Richards, Weiss","Davison, DiSanto"
2020-02-21,Pair,2,2020-02-21:2,12.4,"Davison, DiSanto","Dean, Grady"
2020-02-21,Pair,2,2020-02-21:2,11.1,"Davison, DiSanto","Flagg, Knippen"
2020-02-21,Pair,2,2020-02-21:2,8.9,"Eble, Miklasevich","Carlson, Wallis"
2020-02-21,Pair,2,2020-02-21:2,0.4,"Eble, Miklasevich","Richards, Weiss"
2020-02-21,Pair,2,2020-02-21:2,13.3,"Eble, Miklasevich","Dean, Grady"
2020-02-21,Pair,2,2020-02-21:2,12,"Eble, Miklasevich","Flagg, Knippen"
2020-02-21,Pair,2,2020-02-21:2,8.5,"Richards, Weiss","Carlson, Wallis"
2020-02-21,Pair,2,2020-02-21:2,4.4,"Carlson, Wallis","Dean, Grady"
2020-02-21,Pair,2,2020-02-21:2,3.1,"Carlson, Wallis","Flagg, Knippen"
2020-02-21,Pair,2,2020-02-21:2,12.9,"Richards, Weiss","Dean, Grady"
2020-02-21,Pair,2,2020-02-21:2,11.6,"Richards, Weiss","Flagg, Knippen"
2020-02-21,Pair,2,2020-02-21:2,1.3,"Flagg, Knippen","Dean, Grady"
2020-03-05,Four,4,2020-03-05:1,3,"Carlson, Dean, Grady, Wallis","Davison, DiSanto, Eble, Miklasevich"
2020-03-05,Four,4,2020-03-05:1,12,"Dethlefs, Hack, Harrity, Karwoski","Carlson, Dean, Grady, Wallis"
2020-03-05,Four,4,2020-03-05:1,14,"Mead, Peszek, Richards, Weiss","Carlson, Dean, Grady, Wallis"
2020-03-05,Four,4,2020-03-05:1,15,"Dethlefs, Hack, Harrity, Karwoski","Davison, DiSanto, Eble, Miklasevich"
2020-03-05,Four,4,2020-03-05:1,17,"Mead, Peszek, Richards, Weiss","Davison, DiSanto, Eble, Miklasevich"
2020-03-05,Four,4,2020-03-05:1,2,"Mead, Peszek, Richards, Weiss","Dethlefs, Hack, Harrity, Karwoski"
2020-03-05,Four,4,2020-03-05:2,2,"Davison, DiSanto, Eble, Miklasevich","Carlson, Dean, Grady, Wallis"
2020-03-05,Four,4,2020-03-05:2,17,"Dethlefs, Hack, Harrity, Karwoski","Carlson, Dean, Grady, Wallis"
2020-03-05,Four,4,2020-03-05:2,24,"Mead, Peszek, Richards, Weiss","Carlson, Dean, Grady, Wallis"
2020-03-05,Four,4,2020-03-05:2,15,"Dethlefs, Hack, Harrity, Karwoski","Davison, DiSanto, Eble, Miklasevich"
2020-03-05,Four,4,2020-03-05:2,22,"Mead, Peszek, Richards, Weiss","Davison, DiSanto, Eble, Miklasevich"
2020-03-05,Four,4,2020-03-05:2,7,"Mead, Peszek, Richards, Weiss","Dethlefs, Hack, Harrity, Karwoski"
2020-03-05,Four,4,2020-03-05:3,6,"Carlson, Dean, Grady, Wallis","Davison, DiSanto, Eble, Miklasevich"
2020-03-05,Four,4,2020-03-05:3,4,"Dethlefs, Hack, Harrity, Karwoski","Carlson, Dean, Grady, Wallis"
2020-03-05,Four,4,2020-03-05:3,16,"Mead, Peszek, Richards, Weiss","Carlson, Dean, Grady, Wallis"
2020-03-05,Four,4,2020-03-05:3,10,"Dethlefs, Hack, Harrity, Karwoski","Davison, DiSanto, Eble, Miklasevich"
2020-03-05,Four,4,2020-03-05:3,22,"Mead, Peszek, Richards, Weiss","Davison, DiSanto, Eble, Miklasevich"
2020-03-05,Four,4,2020-03-05:3,12,"Mead, Peszek, Richards, Weiss","Dethlefs, Hack, Harrity, Karwoski"
2020-03-05,Pair,2,2020-03-05:1,9,"Flagg, Landboe","Gaard, Molitor"
2020-03-05,Pair,2,2020-03-05:1,5,"Flagg, Landboe","Best, Knippen"
2020-03-05,Pair,2,2020-03-05:1,4,"Best, Knippen","Gaard, Molitor"
2020-03-05,Pair,2,2020-03-05:2,16,"Flagg, Landboe","Gaard, Molitor"
2020-03-05,Pair,2,2020-03-05:2,9,"Flagg, Landboe","Best, Knippen"
2020-03-05,Pair,2,2020-03-05:2,7,"Best, Knippen","Gaard, Molitor"
2020-03-05,Pair,2,2020-03-05:3,16,"Flagg, Landboe","Gaard, Molitor"
2020-03-05,Pair,2,2020-03-05:3,8,"Best, Knippen","Flagg, Landboe"
2020-03-05,Pair,2,2020-03-05:3,24,"Best, Knippen","Gaard, Molitor"
2020-03-10,Pair,2,2020-03-10:1,8.7,"Best, Knippen","Flagg, Landboe"
2020-03-10,Pair,2,2020-03-10:1,3.2,"Gaard, Molitor","Flagg, Landboe"
2020-03-10,Pair,2,2020-03-10:1,5.5,"Best, Knippen","Gaard, Molitor"
2020-03-11,Four,4,2020-03-11:1,2,"DiSanto, Eble, Miklasevich, Reed","Davison, Dean, Dethlefs, Grady"
2020-03-11,Four,4,2020-03-11:1,9,"Corrigan, Hack, Harrity, Karwoski","Davison, Dean, Dethlefs, Grady"
2020-03-11,Four,4,2020-03-11:1,17,"Mead, Peszek, Richards, Weiss","Davison, Dean, Dethlefs, Grady"
2020-03-11,Four,4,2020-03-11:1,7,"Corrigan, Hack, Harrity, Karwoski","DiSanto, Eble, Miklasevich, Reed"
2020-03-11,Four,4,2020-03-11:1,15,"Mead, Peszek, Richards, Weiss","DiSanto, Eble, Miklasevich, Reed"
2020-03-11,Four,4,2020-03-11:1,8,"Mead, Peszek, Richards, Weiss","Corrigan, Hack, Harrity, Karwoski"
2020-03-11,Four,4,2020-03-11:2,9,"DiSanto, Eble, Miklasevich, Reed","Davison, Dean, Dethlefs, Grady"
2020-03-11,Four,4,2020-03-11:2,32,"Corrigan, Hack, Harrity, Karwoski","Davison, Dean, Dethlefs, Grady"
2020-03-11,Four,4,2020-03-11:2,32,"Mead, Peszek, Richards, Weiss","Davison, Dean, Dethlefs, Grady"
2020-03-11,Four,4,2020-03-11:2,23,"Corrigan, Hack, Harrity, Karwoski","DiSanto, Eble, Miklasevich, Reed"
2020-03-11,Four,4,2020-03-11:2,23,"Mead, Peszek, Richards, Weiss","DiSanto, Eble, Miklasevich, Reed"
2020-03-11,Four,4,2020-03-11:3,18,"Corrigan, Hack, Harrity, Karwoski","Davison, Dean, Dethlefs, Grady"
2020-03-11,Four,4,2020-03-11:3,23,"Mead, Peszek, Richards, Weiss","Davison, Dean, Dethlefs, Grady"
2020-03-11,Four,4,2020-03-11:3,18,"Corrigan, Hack, Harrity, Karwoski","DiSanto, Eble, Miklasevich, Reed"
2020-03-11,Four,4,2020-03-11:3,23,"Mead, Peszek, Richards, Weiss","DiSanto, Eble, Miklasevich, Reed"
2020-03-11,Four,4,2020-03-11:3,5,"Mead, Peszek, Richards, Weiss","Corrigan, Hack, Harrity, Karwoski"
2020-03-11,Pair,2,2020-03-11:1,7.1,"Best, Landboe","Knippen, Molitor"
2020-03-11,Pair,2,2020-03-11:1,0.8,"Best, Landboe","Flagg, Gaard"
2020-03-11,Pair,2,2020-03-11:1,6.3,"Flagg, Gaard","Knippen, Molitor"
2020-03-12,Pair,2,2020-03-12:1,2.2,"Flagg, Knippen","Landboe, Molitor"
2020-03-12,Pair,2,2020-03-12:1,7.8,"Best, Gaard","Landboe, Molitor"
2020-03-12,Pair,2,2020-03-12:1,5.6,"Best, Gaard","Flagg, Knippen"
2020-10-21,Pair,2,2020-10-21:1,4,"Best, Grady","Dethlefs, Miklasevich"
2020-10-21,Pair,2,2020-10-21:1,4,"Best, Grady","Corrigan, Richards"
2020-10-21,Pair,2,2020-10-21:1,11,"Best, Grady","Carlson, Dean"
2020-10-21,Pair,2,2020-10-21:1,8,"Bub, Wallis","Best, Grady"
2020-10-21,Pair,2,2020-10-21:1,5,"Knippen, Weiss","Best, Grady"
2020-10-21,Pair,2,2020-10-21:1,7,"Dethlefs, Miklasevich","Carlson, Dean"
2020-10-21,Pair,2,2020-10-21:1,12,"Bub, Wallis","Dethlefs, Miklasevich"
2020-10-21,Pair,2,2020-10-21:1,9,"Knippen, Weiss","Dethlefs, Miklasevich"
2020-10-21,Pair,2,2020-10-21:1,7,"Corrigan, Richards","Carlson, Dean"
2020-10-21,Pair,2,2020-10-21:1,12,"Bub, Wallis","Corrigan, Richards"
2020-10-21,Pair,2,2020-10-21:1,9,"Knippen, Weiss","Corrigan, Richards"
2020-10-21,Pair,2,2020-10-21:1,19,"Bub, Wallis","Carlson, Dean"
2020-10-21,Pair,2,2020-10-21:1,16,"Knippen, Weiss","Carlson, Dean"
2020-10-21,Pair,2,2020-10-21:1,3,"Bub, Wallis","Knippen, Weiss"
2020-10-21,Pair,2,2020-10-21:2,5,"Dethlefs, Miklasevich","Best, Grady"
2020-10-21,Pair,2,2020-10-21:2,9,"Corrigan, Richards","Best, Grady"
2020-10-21,Pair,2,2020-10-21:2,8,"Best, Grady","Carlson, Dean"
2020-10-21,Pair,2,2020-10-21:2,10,"Bub, Wallis","Best, Grady"
2020-10-21,Pair,2,2020-10-21:2,16,"Knippen, Weiss","Best, Grady"
2020-10-21,Pair,2,2020-10-21:2,4,"Corrigan, Richards","Dethlefs, Miklasevich"
2020-10-21,Pair,2,2020-10-21:2,13,"Dethlefs, Miklasevich","Carlson, Dean"
2020-10-21,Pair,2,2020-10-21:2,5,"Bub, Wallis","Dethlefs, Miklasevich"
2020-10-21,Pair,2,2020-10-21:2,11,"Knippen, Weiss","Dethlefs, Miklasevich"
2020-10-21,Pair,2,2020-10-21:2,17,"Corrigan, Richards","Carlson, Dean"
2020-10-21,Pair,2,2020-10-21:2,1,"Bub, Wallis","Corrigan, Richards"
2020-10-21,Pair,2,2020-10-21:2,7,"Knippen, Weiss","Corrigan, Richards"
2020-10-21,Pair,2,2020-10-21:2,18,"Bub, Wallis","Carlson, Dean"
2020-10-21,Pair,2,2020-10-21:2,24,"Knippen, Weiss","Carlson, Dean"
2020-10-21,Pair,2,2020-10-21:2,6,"Knippen, Weiss","Bub, Wallis"
2020-10-21,Pair,2,2020-10-21:3,5,"Best, Grady","Corrigan, Richards"
2020-10-21,Pair,2,2020-10-21:3,28,"Best, Grady","Carlson, Dean"
2020-10-21,Pair,2,2020-10-21:3,6,"Bub, Wallis","Best, Grady"
2020-10-21,Pair,2,2020-10-21:3,2,"Best, Grady","Knippen, Weiss"
2020-10-21,Pair,2,2020-10-21:3,5,"Dethlefs, Miklasevich","Corrigan, Richards"
2020-10-21,Pair,2,2020-10-21:3,28,"Dethlefs, Miklasevich","Carlson, Dean"
2020-10-21,Pair,2,2020-10-21:3,6,"Bub, Wallis","Dethlefs, Miklasevich"
2020-10-21,Pair,2,2020-10-21:3,2,"Dethlefs, Miklasevich","Knippen, Weiss"
2020-10-21,Pair,2,2020-10-21:3,23,"Corrigan, Richards","Carlson, Dean"
2020-10-21,Pair,2,2020-10-21:3,11,"Bub, Wallis","Corrigan, Richards"
2020-10-21,Pair,2,2020-10-21:3,3,"Knippen, Weiss","Corrigan, Richards"
2020-10-21,Pair,2,2020-10-21:3,34,"Bub, Wallis","Carlson, Dean"
2020-10-21,Pair,2,2020-10-21:3,26,"Knippen, Weiss","Carlson, Dean"
2020-10-21,Pair,2,2020-10-21:3,8,"Bub, Wallis","Knippen, Weiss"
2020-10-28,Pair,2,2020-10-28:1,7,"Dethlefs, Miklasevich","Corrigan, Grady"
2020-10-28,Pair,2,2020-10-28:1,9,"Corrigan, Grady","Richards, Wallis"
2020-10-28,Pair,2,2020-10-28:1,22,"Corrigan, Grady","Best, Carlson"
2020-10-28,Pair,2,2020-10-28:1,16,"Dethlefs, Miklasevich","Richards, Wallis"
2020-10-28,Pair,2,2020-10-28:1,29,"Dethlefs, Miklasevich","Best, Carlson"
2020-10-28,Pair,2,2020-10-28:1,13,"Richards, Wallis","Best, Carlson"
2020-10-28,Pair,2,2020-10-28:2,8,"Corrigan, Grady","Dethlefs, Miklasevich"
2020-10-28,Pair,2,2020-10-28:2,15,"Corrigan, Grady","Richards, Wallis"
2020-10-28,Pair,2,2020-10-28:2,17,"Corrigan, Grady","Best, Carlson"
2020-10-28,Pair,2,2020-10-28:2,7,"Dethlefs, Miklasevich","Richards, Wallis"
2020-10-28,Pair,2,2020-10-28:2,9,"Dethlefs, Miklasevich","Best, Carlson"
2020-10-28,Pair,2,2020-10-28:2,2,"Richards, Wallis","Best, Carlson"
2020-10-28,Pair,2,2020-10-28:3,2,"Corrigan, Grady","Dethlefs, Miklasevich"
2020-10-28,Pair,2,2020-10-28:3,23,"Corrigan, Grady","Richards, Wallis"
2020-10-28,Pair,2,2020-10-28:3,19,"Corrigan, Grady","Best, Carlson"
2020-10-28,Pair,2,2020-10-28:3,21,"Dethlefs, Miklasevich","Richards, Wallis"
2020-10-28,Pair,2,2020-10-28:3,17,"Dethlefs, Miklasevich","Best, Carlson"
2020-10-28,Pair,2,2020-10-28:3,4,"Best, Carlson","Richards, Wallis"
2020-11-04,Pair,2,2020-11-04:1,4,"Best, Grady","Carlson, Corrigan"
2020-11-04,Pair,2,2020-11-04:1,13,"Best, Grady","Dean, Peszek"
2020-11-04,Pair,2,2020-11-04:1,8,"Best, Grady","Knippen, Wallis"
2020-11-04,Pair,2,2020-11-04:1,9,"Carlson, Corrigan","Dean, Peszek"
2020-11-04,Pair,2,2020-11-04:1,4,"Carlson, Corrigan","Knippen, Wallis"
2020-11-04,Pair,2,2020-11-04:1,5,"Knippen, Wallis","Dean, Peszek"
2020-11-04,Pair,2,2020-11-04:2,2,"Carlson, Corrigan","Best, Grady"
2020-11-04,Pair,2,2020-11-04:2,1,"Dean, Peszek","Best, Grady"
2020-11-04,Pair,2,2020-11-04:2,22,"Best, Grady","Knippen, Wallis"
2020-11-04,Pair,2,2020-11-04:2,1,"Carlson, Corrigan","Dean, Peszek"
2020-11-04,Pair,2,2020-11-04:2,24,"Carlson, Corrigan","Knippen, Wallis"
2020-11-04,Pair,2,2020-11-04:2,23,"Dean, Peszek","Knippen, Wallis"
2020-11-04,Pair,2,2020-11-04:3,6,"Best, Grady","Carlson, Corrigan"
2020-11-04,Pair,2,2020-11-04:3,6,"Best, Grady","Dean, Peszek"
2020-11-04,Pair,2,2020-11-04:3,17,"Best, Grady","Knippen, Wallis"
2020-11-04,Pair,2,2020-11-04:3,11,"Carlson, Corrigan","Knippen, Wallis"
2020-11-04,Pair,2,2020-11-04:3,11,"Dean, Peszek","Knippen, Wallis"
2020-11-11,Pair,2,2020-11-11:1,3,"Carlson, Corrigan","Best, Grady"
2020-11-11,Pair,2,2020-11-11:1,8,"Carlson, Corrigan","Dean, Peszek"
2020-11-11,Pair,2,2020-11-11:1,2,"Carlson, Corrigan","Davison, Wallis"
2020-11-11,Pair,2,2020-11-11:1,5,"Best, Grady","Dean, Peszek"
2020-11-11,Pair,2,2020-11-11:1,1,"Davison, Wallis","Best, Grady"
2020-11-11,Pair,2,2020-11-11:1,6,"Davison, Wallis","Dean, Peszek"
2020-11-11,Pair,2,2020-11-11:2,6,"Carlson, Corrigan","Best, Grady"
2020-11-11,Pair,2,2020-11-11:2,1,"Dean, Peszek","Carlson, Corrigan"
2020-11-11,Pair,2,2020-11-11:2,4,"Carlson, Corrigan","Davison, Wallis"
2020-11-11,Pair,2,2020-11-11:2,7,"Dean, Peszek","Best, Grady"
2020-11-11,Pair,2,2020-11-11:2,2,"Davison, Wallis","Best, Grady"
2020-11-11,Pair,2,2020-11-11:2,5,"Dean, Peszek","Davison, Wallis"
2020-11-11,Pair,2,2020-11-11:3,2,"Best, Grady","Carlson, Corrigan"
2020-11-11,Pair,2,2020-11-11:3,3,"Carlson, Corrigan","Dean, Peszek"
2020-11-11,Pair,2,2020-11-11:3,12,"Carlson, Corrigan","Davison, Wallis"
2020-11-11,Pair,2,2020-11-11:3,5,"Best, Grady","Dean, Peszek"
2020-11-11,Pair,2,2020-11-11:3,14,"Best, Grady","Davison, Wallis"
2020-11-11,Pair,2,2020-11-11:3,9,"Dean, Peszek","Davison, Wallis"
2020-11-18,Pair,2,2020-11-18:1,4,"Corrigan, Davison","Carlson, Wallis"
2020-11-18,Pair,2,2020-11-18:1,5,"Corrigan, Davison","Mead, Peszek"
2020-11-18,Pair,2,2020-11-18:1,18,"Corrigan, Davison","Grady, Weiss"
2020-11-18,Pair,2,2020-11-18:1,32,"Corrigan, Davison","Knippen, LeRoux"
2020-11-18,Pair,2,2020-11-18:1,1,"Carlson, Wallis","Mead, Peszek"
2020-11-18,Pair,2,2020-11-18:1,14,"Carlson, Wallis","Grady, Weiss"
2020-11-18,Pair,2,2020-11-18:1,28,"Carlson, Wallis","Knippen, LeRoux"
2020-11-18,Pair,2,2020-11-18:1,13,"Mead, Peszek","Grady, Weiss"
2020-11-18,Pair,2,2020-11-18:1,27,"Mead, Peszek","Knippen, LeRoux"
2020-11-18,Pair,2,2020-11-18:1,14,"Grady, Weiss","Knippen, LeRoux"
2020-11-18,Pair,2,2020-11-18:2,8,"Carlson, Wallis","Corrigan, Davison"
2020-11-18,Pair,2,2020-11-18:2,5,"Mead, Peszek","Corrigan, Davison"
2020-11-18,Pair,2,2020-11-18:2,33,"Corrigan, Davison","Grady, Weiss"
2020-11-18,Pair,2,2020-11-18:2,38,"Corrigan, Davison","Knippen, LeRoux"
2020-11-18,Pair,2,2020-11-18:2,3,"Carlson, Wallis","Mead, Peszek"
2020-11-18,Pair,2,2020-11-18:2,41,"Carlson, Wallis","Grady, Weiss"
2020-11-18,Pair,2,2020-11-18:2,46,"Carlson, Wallis","Knippen, LeRoux"
2020-11-18,Pair,2,2020-11-18:2,38,"Mead, Peszek","Grady, Weiss"
2020-11-18,Pair,2,2020-11-18:2,43,"Mead, Peszek","Knippen, LeRoux"
2020-11-18,Pair,2,2020-11-18:2,5,"Grady, Weiss","Knippen, LeRoux"
2020-11-18,Pair,2,2020-11-18:3,10,"Corrigan, Davison","Carlson, Wallis"
2020-11-18,Pair,2,2020-11-18:3,5,"Corrigan, Davison","Mead, Peszek"
2020-11-18,Pair,2,2020-11-18:3,40,"Corrigan, Davison","Grady, Weiss"
2020-11-18,Pair,2,2020-11-18:3,41,"Corrigan, Davison","Knippen, LeRoux"
2020-11-18,Pair,2,2020-11-18:3,5,"Mead, Peszek","Carlson, Wallis"
2020-11-18,Pair,2,2020-11-18:3,30,"Carlson, Wallis","Grady, Weiss"
2020-11-18,Pair,2,2020-11-18:3,31,"Carlson, Wallis","Knippen, LeRoux"
2020-11-18,Pair,2,2020-11-18:3,35,"Mead, Peszek","Grady, Weiss"
2020-11-18,Pair,2,2020-11-18:3,36,"Mead, Peszek","Knippen, LeRoux"
2020-11-18,Pair,2,2020-11-18:3,1,"Grady, Weiss","Knippen, LeRoux"
2020-11-25,Four,4,2020-11-25:1,7,"Mead, Peszek, Richards, Wallis","Bub, Furey, Knippen, LeRoux"
2020-11-25,Four,4,2020-11-25:1,7,"Davison, Dethlefs, Grady, Hack","Bub, Furey, Knippen, LeRoux"
2020-11-25,Four,4,2020-11-25:1,7,"Best, Carlson, Corrigan, Miklasevich","Bub, Furey, Knippen, LeRoux"
2020-11-25,Four,4,2020-11-25:2,4,"Mead, Peszek, Richards, Wallis","Davison, Dethlefs, Grady, Hack"
2020-11-25,Four,4,2020-11-25:2,3,"Mead, Peszek, Richards, Wallis","Best, Carlson, Corrigan, Miklasevich"
2020-11-25,Four,4,2020-11-25:2,4,"Bub, Furey, Knippen, LeRoux","Mead, Peszek, Richards, Wallis"
2020-11-25,Four,4,2020-11-25:2,1,"Best, Carlson, Corrigan, Miklasevich","Davison, Dethlefs, Grady, Hack"
2020-11-25,Four,4,2020-11-25:2,8,"Bub, Furey, Knippen, LeRoux","Davison, Dethlefs, Grady, Hack"
2020-11-25,Four,4,2020-11-25:2,7,"Bub, Furey, Knippen, LeRoux","Best, Carlson, Corrigan, Miklasevich"
2020-11-25,Four,4,2020-11-25:3,1,"Mead, Peszek, Richards, Wallis","Davison, Dethlefs, Grady, Hack"
2020-11-25,Four,4,2020-11-25:3,5,"Mead, Peszek, Richards, Wallis","Best, Carlson, Corrigan, Miklasevich"
2020-11-25,Four,4,2020-11-25:3,8,"Mead, Peszek, Richards, Wallis","Bub, Furey, Knippen, LeRoux"
2020-11-25,Four,4,2020-11-25:3,4,"Davison, Dethlefs, Grady, Hack","Best, Carlson, Corrigan, Miklasevich"
2020-11-25,Four,4,2020-11-25:3,7,"Davison, Dethlefs, Grady, Hack","Bub, Furey, Knippen, LeRoux"
2020-11-25,Four,4,2020-11-25:3,3,"Best, Carlson, Corrigan, Miklasevich","Bub, Furey, Knippen, LeRoux"
2020-11-29,Pair,2,2020-11-29:1,14,"Davison, Dethlefs","Richards, Wallis"
2020-11-29,Pair,2,2020-11-29:1,11,"Best, Miklasevich","Richards, Wallis"
2020-11-29,Pair,2,2020-11-29:1,9,"Mead, Peszek","Richards, Wallis"
2020-11-29,Pair,2,2020-11-29:1,4,"Grady, Hack","Richards, Wallis"
2020-11-29,Pair,2,2020-11-29:1,5,"Richards, Wallis","Carlson, Corrigan"
2020-11-29,Pair,2,2020-11-29:1,3,"Davison, Dethlefs","Best, Miklasevich"
2020-11-29,Pair,2,2020-11-29:1,5,"Davison, Dethlefs","Mead, Peszek"
2020-11-29,Pair,2,2020-11-29:1,10,"Davison, Dethlefs","Grady, Hack"
2020-11-29,Pair,2,2020-11-29:1,19,"Davison, Dethlefs","Carlson, Corrigan"
2020-11-29,Pair,2,2020-11-29:1,2,"Best, Miklasevich","Mead, Peszek"
2020-11-29,Pair,2,2020-11-29:1,7,"Best, Miklasevich","Grady, Hack"
2020-11-29,Pair,2,2020-11-29:1,16,"Best, Miklasevich","Carlson, Corrigan"
2020-11-29,Pair,2,2020-11-29:1,5,"Mead, Peszek","Grady, Hack"
2020-11-29,Pair,2,2020-11-29:1,14,"Mead, Peszek","Carlson, Corrigan"
2020-11-29,Pair,2,2020-11-29:1,9,"Grady, Hack","Carlson, Corrigan"
2020-11-29,Pair,2,2020-11-29:2,7,"Davison, Dethlefs","Richards, Wallis"
2020-11-29,Pair,2,2020-11-29:2,20,"Best, Miklasevich","Richards, Wallis"
2020-11-29,Pair,2,2020-11-29:2,22,"Mead, Peszek","Richards, Wallis"
2020-11-29,Pair,2,2020-11-29:2,13,"Grady, Hack","Richards, Wallis"
2020-11-29,Pair,2,2020-11-29:2,9,"Carlson, Corrigan","Richards, Wallis"
2020-11-29,Pair,2,2020-11-29:2,13,"Best, Miklasevich","Davison, Dethlefs"
2020-11-29,Pair,2,2020-11-29:2,15,"Mead, Peszek","Davison, Dethlefs"
2020-11-29,Pair,2,2020-11-29:2,6,"Grady, Hack","Davison, Dethlefs"
2020-11-29,Pair,2,2020-11-29:2,2,"Carlson, Corrigan","Davison, Dethlefs"
2020-11-29,Pair,2,2020-11-29:2,2,"Mead, Peszek","Best, Miklasevich"
2020-11-29,Pair,2,2020-11-29:2,7,"Best, Miklasevich","Grady, Hack"
2020-11-29,Pair,2,2020-11-29:2,11,"Best, Miklasevich","Carlson, Corrigan"
2020-11-29,Pair,2,2020-11-29:2,9,"Mead, Peszek","Grady, Hack"
2020-11-29,Pair,2,2020-11-29:2,13,"Mead, Peszek","Carlson, Corrigan"
2020-11-29,Pair,2,2020-11-29:2,4,"Grady, Hack","Carlson, Corrigan"
2020-11-29,Pair,2,2020-11-29:3,21,"Davison, Dethlefs","Richards, Wallis"
2020-11-29,Pair,2,2020-11-29:3,25,"Best, Miklasevich","Richards, Wallis"
2020-11-29,Pair,2,2020-11-29:3,31,"Mead, Peszek","Richards, Wallis"
2020-11-29,Pair,2,2020-11-29:3,21,"Grady, Hack","Richards, Wallis"
2020-11-29,Pair,2,2020-11-29:3,22,"Carlson, Corrigan","Richards, Wallis"
2020-11-29,Pair,2,2020-11-29:3,4,"Best, Miklasevich","Davison, Dethlefs"
2020-11-29,Pair,2,2020-11-29:3,10,"Mead, Peszek","Davison, Dethlefs"
2020-11-29,Pair,2,2020-11-29:3,1,"Carlson, Corrigan","Davison, Dethlefs"
2020-11-29,Pair,2,2020-11-29:3,6,"Mead, Peszek","Best, Miklasevich"
2020-11-29,Pair,2,2020-11-29:3,4,"Best, Miklasevich","Grady, Hack"
2020-11-29,Pair,2,2020-11-29:3,3,"Best, Miklasevich","Carlson, Corrigan"
2020-11-29,Pair,2,2020-11-29:3,10,"Mead, Peszek","Grady, Hack"
2020-11-29,Pair,2,2020-11-29:3,9,"Mead, Peszek","Carlson, Corrigan"
2020-11-29,Pair,2,2020-11-29:3,1,"Carlson, Corrigan","Grady, Hack"
2020-12-02,Pair,2,2020-12-02:1,3,"Dean, Karwoski","DiSanto, Harrity"
2020-12-02,Pair,2,2020-12-02:2,8,"DiSanto, Harrity","Dean, Karwoski"
2020-12-02,Pair,2,2020-12-02:3,7,"Dean, Karwoski","DiSanto, Harrity"
2020-12-03,Four,4,2020-12-03:1,1.2,"Mead, Peszek, Richards, Wallis","Best, Carlson, Corrigan, Miklasevich"
2020-12-03,Four,4,2020-12-03:1,1.2,"Davison, Dethlefs, Grady, Hack","Best, Carlson, Corrigan, Miklasevich"
2020-12-03,Four,4,2020-12-03:2,1.3,"Davison, Dethlefs, Grady, Hack","Mead, Peszek, Richards, Wallis"
2020-12-03,Four,4,2020-12-03:2,2.5,"Best, Carlson, Corrigan, Miklasevich","Mead, Peszek, Richards, Wallis"
2020-12-03,Four,4,2020-12-03:2,1.2,"Best, Carlson, Corrigan, Miklasevich","Davison, Dethlefs, Grady, Hack"
2020-12-04,Four,4,2020-12-04:1,1.69,"Carlson, Dethlefs, Grady, Hack","Mead, Peszek, Richards, Wallis"
2020-12-04,Four,4,2020-12-04:1,3.65,"Best, Corrigan, Davison, Miklasevich","Mead, Peszek, Richards, Wallis"
2020-12-04,Four,4,2020-12-04:1,1.96,"Best, Corrigan, Davison, Miklasevich","Carlson, Dethlefs, Grady, Hack"
2020-12-04,Four,4,2020-12-04:2,4.01,"Dethlefs, Grady, Hack, Miklasevich","Mead, Peszek, Richards, Wallis"
2020-12-04,Four,4,2020-12-04:2,6.18,"Best, Carlson, Corrigan, Davison","Mead, Peszek, Richards, Wallis"
2020-12-04,Four,4,2020-12-04:2,2.17,"Best, Carlson, Corrigan, Davison","Dethlefs, Grady, Hack, Miklasevich"
2020-12-05,Four,4,2020-12-05:1,3.2,"Hack, Mead, Miklasevich, Peszek","Dethlefs, Grady, Richards, Wallis"
2020-12-05,Four,4,2020-12-05:1,6.1,"Best, Carlson, Corrigan, Davison","Dethlefs, Grady, Richards, Wallis"
2020-12-05,Four,4,2020-12-05:1,2.9,"Best, Carlson, Corrigan, Davison","Hack, Mead, Miklasevich, Peszek"
2020-12-05,Four,4,2020-12-05:2,3.8,"Grady, Hack, Mead, Miklasevich","Dethlefs, Peszek, Richards, Wallis"
2020-12-05,Four,4,2020-12-05:2,4.8,"Best, Carlson, Corrigan, Davison","Dethlefs, Peszek, Richards, Wallis"
2020-12-05,Four,4,2020-12-05:2,1,"Best, Carlson, Corrigan, Davison","Grady, Hack, Mead, Miklasevich"
2020-12-05,Pair,2,2020-12-05:1,1,"Reed, Weiss","Dean, Karwoski"
2020-12-05,Pair,2,2020-12-05:1,8,"Reed, Weiss","DiSanto, Harrity"
2020-12-05,Pair,2,2020-12-05:1,7,"Dean, Karwoski","DiSanto, Harrity"
2020-12-05,Pair,2,2020-12-05:2,4,"Reed, Weiss","Dean, Karwoski"
2020-12-05,Pair,2,2020-12-05:2,6,"Reed, Weiss","DiSanto, Harrity"
2020-12-05,Pair,2,2020-12-05:2,2,"Dean, Karwoski","DiSanto, Harrity"
2020-12-05,Pair,2,2020-12-05:3,9,"Reed, Weiss","DiSanto, Harrity"
2020-12-05,Pair,2,2020-12-05:3,9,"Dean, Karwoski","DiSanto, Harrity"
2020-12-16,Four,4,2020-12-16:1,2,"Davison, Dethlefs, Grady, Hack","Best, Carlson, Corrigan, Miklasevich"
2020-12-16,Four,4,2020-12-16:2,7,"Davison, Dethlefs, Grady, Hack","Best, Carlson, Corrigan, Miklasevich"
2020-12-16,Four,4,2020-12-16:3,7,"Davison, Dethlefs, Grady, Hack","Best, Carlson, Corrigan, Miklasevich"
2020-12-16,Pair,2,2020-12-16:1,12,"Mead, Richards","Dean, Karwoski"
2020-12-16,Pair,2,2020-12-16:1,14,"Mead, Richards","Reed, Weiss"
2020-12-16,Pair,2,2020-12-16:1,2,"Dean, Karwoski","Reed, Weiss"
2020-12-16,Pair,2,2020-12-16:2,16,"Mead, Richards","Dean, Karwoski"
2020-12-16,Pair,2,2020-12-16:2,14,"Mead, Richards","Reed, Weiss"
2020-12-16,Pair,2,2020-12-16:2,2,"Reed, Weiss","Dean, Karwoski"
2020-12-16,Pair,2,2020-12-16:3,18,"Mead, Richards","Dean, Karwoski"
2020-12-16,Pair,2,2020-12-16:3,15,"Mead, Richards","Reed, Weiss"
2020-12-16,Pair,2,2020-12-16:3,3,"Reed, Weiss","Dean, Karwoski"
2021-01-19,Four,4,2021-01-19:1,2,"DiSanto, Harrity, Karwoski, Mead","Dethlefs, Grady, Hack, Miklasevich"
2021-01-19,Four,4,2021-01-19:1,2,"Dethlefs, Grady, Hack, Miklasevich","Dean, Peszek, Reed, Weiss"
2021-01-19,Four,4,2021-01-19:1,4,"DiSanto, Harrity, Karwoski, Mead","Dean, Peszek, Reed, Weiss"
2021-01-19,Four,4,2021-01-19:2,4,"DiSanto, Harrity, Karwoski, Mead","Dethlefs, Grady, Hack, Miklasevich"
2021-01-19,Four,4,2021-01-19:2,2,"Dethlefs, Grady, Hack, Miklasevich","Dean, Peszek, Reed, Weiss"
2021-01-19,Four,4,2021-01-19:2,6,"DiSanto, Harrity, Karwoski, Mead","Dean, Peszek, Reed, Weiss"
2021-01-19,Four,4,2021-01-19:3,2,"Dethlefs, Grady, Hack, Miklasevich","DiSanto, Harrity, Karwoski, Mead"
2021-01-19,Four,4,2021-01-19:3,1,"Dethlefs, Grady, Hack, Miklasevich","Dean, Peszek, Reed, Weiss"
2021-01-19,Four,4,2021-01-19:3,1,"Dean, Peszek, Reed, Weiss","DiSanto, Harrity, Karwoski, Mead"
2021-01-19,Four,4,2021-01-19:4,3,"Dethlefs, Grady, Hack, Miklasevich","DiSanto, Harrity, Karwoski, Mead"
2021-01-19,Four,4,2021-01-19:4,5,"Dethlefs, Grady, Hack, Miklasevich","Dean, Peszek, Reed, Weiss"
2021-01-19,Four,4,2021-01-19:4,2,"DiSanto, Harrity, Karwoski, Mead","Dean, Peszek, Reed, Weiss"
2021-01-19,Pair,2,2021-01-19:1,7,"Richards, Wallis","Best, Carlson"
2021-01-19,Pair,2,2021-01-19:2,15,"Corrigan, Davison","Best, Carlson"
2021-01-19,Pair,2,2021-01-19:3,7,"Richards, Wallis","Best, Carlson"
2021-01-19,Pair,2,2021-01-19:4,1,"Best, Carlson","Corrigan, Davison"
2021-01-19,Pair,2,2021-01-19:4,1,"Best, Carlson","Richards, Wallis"
2021-01-26,Four,4,2021-01-26:1,9,"Hack, Miklasevich, Reed, Weiss","Harrity, Karwoski, Mead, Wallis"
2021-01-26,Four,4,2021-01-26:1,12,"Hack, Miklasevich, Reed, Weiss","Dean, DiSanto, Peszek, Richards"
2021-01-26,Four,4,2021-01-26:1,4,"Hack, Miklasevich, Reed, Weiss","Best, Carlson, Corrigan, Davison"
2021-01-26,Four,4,2021-01-26:1,3,"Harrity, Karwoski, Mead, Wallis","Dean, DiSanto, Peszek, Richards"
2021-01-26,Four,4,2021-01-26:1,5,"Best, Carlson, Corrigan, Davison","Harrity, Karwoski, Mead, Wallis"
2021-01-26,Four,4,2021-01-26:1,8,"Best, Carlson, Corrigan, Davison","Dean, DiSanto, Peszek, Richards"
2021-01-26,Four,4,2021-01-26:2,4,"Harrity, Karwoski, Mead, Wallis","Hack, Miklasevich, Reed, Weiss"
2021-01-26,Four,4,2021-01-26:2,1,"Dean, DiSanto, Peszek, Richards","Hack, Miklasevich, Reed, Weiss"
2021-01-26,Four,4,2021-01-26:2,2,"Hack, Miklasevich, Reed, Weiss","Best, Carlson, Corrigan, Davison"
2021-01-26,Four,4,2021-01-26:2,3,"Harrity, Karwoski, Mead, Wallis","Dean, DiSanto, Peszek, Richards"
2021-01-26,Four,4,2021-01-26:2,6,"Harrity, Karwoski, Mead, Wallis","Best, Carlson, Corrigan, Davison"
2021-01-26,Four,4,2021-01-26:2,3,"Dean, DiSanto, Peszek, Richards","Best, Carlson, Corrigan, Davison"
2021-01-26,Four,4,2021-01-26:3,7,"Hack, Miklasevich, Reed, Weiss","Harrity, Karwoski, Mead, Wallis"
2021-01-26,Four,4,2021-01-26:3,3,"Hack, Miklasevich, Reed, Weiss","Dean, DiSanto, Peszek, Richards"
2021-01-26,Four,4,2021-01-26:3,5,"Hack, Miklasevich, Reed, Weiss","Best, Carlson, Corrigan, Davison"
2021-01-26,Four,4,2021-01-26:3,4,"Dean, DiSanto, Peszek, Richards","Harrity, Karwoski, Mead, Wallis"
2021-01-26,Four,4,2021-01-26:3,2,"Best, Carlson, Corrigan, Davison","Harrity, Karwoski, Mead, Wallis"
2021-01-26,Four,4,2021-01-26:3,2,"Dean, DiSanto, Peszek, Richards","Best, Carlson, Corrigan, Davison"
2021-01-26,Four,4,2021-01-26:4,6,"Hack, Miklasevich, Reed, Weiss","Harrity, Karwoski, Mead, Wallis"
2021-01-26,Four,4,2021-01-26:4,7,"Hack, Miklasevich, Reed, Weiss","Dean, DiSanto, Peszek, Richards"
2021-01-26,Four,4,2021-01-26:4,8,"Hack, Miklasevich, Reed, Weiss","Best, Carlson, Corrigan, Davison"
2021-01-26,Four,4,2021-01-26:4,1,"Harrity, Karwoski, Mead, Wallis","Dean, DiSanto, Peszek, Richards"
2021-01-26,Four,4,2021-01-26:4,2,"Harrity, Karwoski, Mead, Wallis","Best, Carlson, Corrigan, Davison"
2021-01-26,Four,4,2021-01-26:4,1,"Dean, DiSanto, Peszek, Richards","Best, Carlson, Corrigan, Davison"
2021-01-29,Four,4,2021-01-29:2,1.1,"Best, Carlson, Corrigan, Davison","Dean, DiSanto, Peszek, Richards"
2021-01-29,Four,4,2021-01-29:3,4,"Dean, DiSanto, Peszek, Richards","Harrity, Karwoski, Mead, Wallis"
2021-01-29,Pair,2,2021-01-29:2,3.9,"Reed, Weiss","Dethlefs, Grady"
2021-02-05,Four,4,2021-02-05:1,0.7,"Best, Corrigan, Davison, Grady","Dethlefs, Hack, Karwoski, Miklasevich"
2021-02-05,Four,4,2021-02-05:1,1.3,"Best, Corrigan, Davison, Grady","Dean, DiSanto, Harrity, Peszek"
2021-02-05,Four,4,2021-02-05:1,0.7,"Mead, Reed, Richards, Weiss","Dethlefs, Hack, Karwoski, Miklasevich"
2021-02-05,Four,4,2021-02-05:1,1.3,"Mead, Reed, Richards, Weiss","Dean, DiSanto, Harrity, Peszek"
2021-02-05,Four,4,2021-02-05:1,0.6,"Dethlefs, Hack, Karwoski, Miklasevich","Dean, DiSanto, Harrity, Peszek"
2021-02-05,Four,4,2021-02-05:2,0.7,"Best, Corrigan, Davison, Grady","Mead, Reed, Richards, Weiss"
2021-02-05,Four,4,2021-02-05:2,0.1,"Best, Corrigan, Davison, Grady","Dethlefs, Hack, Karwoski, Miklasevich"
2021-02-05,Four,4,2021-02-05:2,7.8,"Best, Corrigan, Davison, Grady","Dean, DiSanto, Harrity, Peszek"
2021-02-05,Four,4,2021-02-05:2,0.6,"Dethlefs, Hack, Karwoski, Miklasevich","Mead, Reed, Richards, Weiss"
2021-02-05,Four,4,2021-02-05:2,7.1,"Mead, Reed, Richards, Weiss","Dean, DiSanto, Harrity, Peszek"
2021-02-05,Four,4,2021-02-05:2,7.7,"Dethlefs, Hack, Karwoski, Miklasevich","Dean, DiSanto, Harrity, Peszek"
2021-02-12,Four,4,2021-02-12:1,6.8,"Corrigan, Davison, Reed, Weiss","Dean, Mead, Peszek, Richards"
2021-02-12,Four,4,2021-02-12:1,2.9,"Corrigan, Davison, Reed, Weiss","DiSanto, Hack, Karwoski, Miklasevich"
2021-02-12,Four,4,2021-02-12:1,3.9,"DiSanto, Hack, Karwoski, Miklasevich","Dean, Mead, Peszek, Richards"
2021-02-12,Four,4,2021-02-12:2,8.4,"Corrigan, Davison, Reed, Weiss","Dean, Mead, Peszek, Richards"
2021-02-12,Four,4,2021-02-12:2,3.8,"Corrigan, Davison, Reed, Weiss","DiSanto, Hack, Karwoski, Miklasevich"
2021-02-12,Four,4,2021-02-12:2,4.6,"DiSanto, Hack, Karwoski, Miklasevich","Dean, Mead, Peszek, Richards"
2021-02-12,Pair,2,2021-02-12:3,1.1,"Best, Grady","Carlson, Wallis"
2021-02-12,Pair,2,2021-02-12:3,1,"Carlson, Wallis","Dethlefs, Harrity"
2021-02-12,Pair,2,2021-02-12:3,2.1,"Best, Grady","Dethlefs, Harrity"
2021-02-12,Pair,2,2021-02-12:4,0.5,"Best, Grady","Carlson, Wallis"
2021-02-12,Pair,2,2021-02-12:4,2.5,"Carlson, Wallis","Dethlefs, Harrity"
2021-02-12,Pair,2,2021-02-12:4,3,"Best, Grady","Dethlefs, Harrity"
2021-02-19,Four,4,2021-02-19:1,4,"Carlson, Corrigan, Davison, Wallis","Dethlefs, Harrity, Mead, Richards"
2021-02-19,Four,4,2021-02-19:1,1.9,"Best, Grady, Hack, Miklasevich","Carlson, Corrigan, Davison, Wallis"
2021-02-19,Four,4,2021-02-19:1,5.9,"Best, Grady, Hack, Miklasevich","Dethlefs, Harrity, Mead, Richards"
2021-02-19,Four,4,2021-02-19:2,9.2,"Carlson, Corrigan, Davison, Wallis","Dethlefs, Harrity, Mead, Richards"
2021-02-19,Four,4,2021-02-19:2,0.15,"Carlson, Corrigan, Davison, Wallis","Best, Grady, Hack, Miklasevich"
2021-02-19,Four,4,2021-02-19:2,9.05,"Best, Grady, Hack, Miklasevich","Dethlefs, Harrity, Mead, Richards"
2021-02-19,Pair,2,2021-02-19:1,2.1,"DiSanto, Peszek","Dean, Reed"
2021-02-19,Pair,2,2021-02-19:1,2.7,"DiSanto, Peszek","Karwoski, Weiss"
2021-02-19,Pair,2,2021-02-19:1,0.6,"Dean, Reed","Karwoski, Weiss"
2021-02-19,Pair,2,2021-02-19:2,0.6,"Dean, Reed","DiSanto, Peszek"
2021-02-19,Pair,2,2021-02-19:2,8.5,"DiSanto, Peszek","Karwoski, Weiss"
2021-02-19,Pair,2,2021-02-19:2,9.1,"Dean, Reed","Karwoski, Weiss"
2021-02-25,Four,4,2021-02-25:1,0.1,"Carlson, Corrigan, Davison, Dean","Harrity, Reed, Wallis, Weiss"
2021-02-25,Four,4,2021-02-25:1,1.1,"Carlson, Corrigan, Davison, Dean","DiSanto, Mead, Peszek, Richards"
2021-02-25,Four,4,2021-02-25:1,0.75,"Carlson, Corrigan, Davison, Dean","Dethlefs, Hack, Karwoski, Miklasevich"
2021-02-25,Four,4,2021-02-25:1,1,"Harrity, Reed, Wallis, Weiss","DiSanto, Mead, Peszek, Richards"
2021-02-25,Four,4,2021-02-25:1,0.65,"Harrity, Reed, Wallis, Weiss","Dethlefs, Hack, Karwoski, Miklasevich"
2021-02-25,Four,4,2021-02-25:1,0.35,"Dethlefs, Hack, Karwoski, Miklasevich","DiSanto, Mead, Peszek, Richards"
2021-02-25,Four,4,2021-02-25:2,4,"Corrigan, Davison, Dean, Harrity","Carlson, Reed, Wallis, Weiss"
2021-02-25,Four,4,2021-02-25:2,0.3,"Corrigan, Davison, Dean, Harrity","DiSanto, Karwoski, Mead, Richards"
2021-02-25,Four,4,2021-02-25:2,5.1,"Corrigan, Davison, Dean, Harrity","Dethlefs, Hack, Miklasevich, Peszek"
2021-02-25,Four,4,2021-02-25:2,3.7,"DiSanto, Karwoski, Mead, Richards","Carlson, Reed, Wallis, Weiss"
2021-02-25,Four,4,2021-02-25:2,1.1,"Carlson, Reed, Wallis, Weiss","Dethlefs, Hack, Miklasevich, Peszek"
2021-02-25,Four,4,2021-02-25:2,4.8,"DiSanto, Karwoski, Mead, Richards","Dethlefs, Hack, Miklasevich, Peszek"
2021-03-05,Four,4,2021-03-05:1,1.9,"Corrigan, Davison, DiSanto, Karwoski","Dean, Peszek, Reed, Weiss"
2021-03-05,Four,4,2021-03-05:2,2.7,"Corrigan, Davison, Reed, Weiss","Dean, DiSanto, Karwoski, Peszek"
2021-03-09,Four,4,2021-03-09:1,1.3,"Best, Carlson, Corrigan, Davison","Dean, Karwoski, Mead, Richards"
2021-03-09,Four,4,2021-03-09:1,2.3,"Best, Carlson, Corrigan, Davison","Harrity, Reed, Wallis, Weiss"
2021-03-09,Four,4,2021-03-09:1,6.4,"Best, Carlson, Corrigan, Davison","Dethlefs, Grady, Hack, Miklasevich"
2021-03-09,Four,4,2021-03-09:1,1,"Dean, Karwoski, Mead, Richards","Harrity, Reed, Wallis, Weiss"
2021-03-09,Four,4,2021-03-09:1,5.1,"Dean, Karwoski, Mead, Richards","Dethlefs, Grady, Hack, Miklasevich"
2021-03-09,Four,4,2021-03-09:1,4.1,"Harrity, Reed, Wallis, Weiss","Dethlefs, Grady, Hack, Miklasevich"
2021-03-09,Four,4,2021-03-09:2,3.1,"Best, Carlson, Corrigan, Davison","Dean, Karwoski, Mead, Richards"
2021-03-09,Four,4,2021-03-09:2,0.1,"Dethlefs, Grady, Harrity, Wallis","Best, Carlson, Corrigan, Davison"
2021-03-09,Four,4,2021-03-09:2,1.9,"Hack, Miklasevich, Reed, Weiss","Best, Carlson, Corrigan, Davison"
2021-03-09,Four,4,2021-03-09:2,3.2,"Dethlefs, Grady, Harrity, Wallis","Dean, Karwoski, Mead, Richards"
2021-03-09,Four,4,2021-03-09:2,5,"Hack, Miklasevich, Reed, Weiss","Dean, Karwoski, Mead, Richards"
2021-03-09,Four,4,2021-03-09:2,1.8,"Hack, Miklasevich, Reed, Weiss","Dethlefs, Grady, Harrity, Wallis"
2021-03-12,Eight,8,2021-03-12:1,2.2,"Carlson, Corrigan, Davison, Dean, Mead, Reed, Richards, Weiss","Best, Dethlefs, Grady, Hack, Harrity, Karwoski, Miklasevich, Wallis"
2021-03-12,Eight,8,2021-03-12:2,2.1,"Best, Dethlefs, Grady, Hack, Harrity, Karwoski, Mead, Miklasevich","Carlson, Corrigan, Davison, Dean, Reed, Richards, Wallis, Weiss"
2021-03-20,Pair,2,2021-03-20:1,2,"Carlson, Wallis","Best, Grady"
2021-03-20,Pair,2,2021-03-20:1,7,"Best, Grady","Dean, Karwoski"
2021-03-20,Pair,2,2021-03-20:1,6,"Best, Grady","Mead, Richards"
2021-03-20,Pair,2,2021-03-20:1,1,"Hack, Miklasevich","Best, Grady"
2021-03-20,Pair,2,2021-03-20:1,6,"Corrigan, Harrity","Best, Grady"
2021-03-20,Pair,2,2021-03-20:1,4,"Best, Grady","Reed, Weiss"
2021-03-20,Pair,2,2021-03-20:1,9,"Best, Grady","Davison, Dethlefs"
2021-03-20,Pair,2,2021-03-20:1,9,"Carlson, Wallis","Dean, Karwoski"
2021-03-20,Pair,2,2021-03-20:1,8,"Carlson, Wallis","Mead, Richards"
2021-03-20,Pair,2,2021-03-20:1,1,"Carlson, Wallis","Hack, Miklasevich"
2021-03-20,Pair,2,2021-03-20:1,4,"Corrigan, Harrity","Carlson, Wallis"
2021-03-20,Pair,2,2021-03-20:1,6,"Carlson, Wallis","Reed, Weiss"
2021-03-20,Pair,2,2021-03-20:1,11,"Carlson, Wallis","Davison, Dethlefs"
2021-03-20,Pair,2,2021-03-20:1,1,"Mead, Richards","Dean, Karwoski"
2021-03-20,Pair,2,2021-03-20:1,8,"Hack, Miklasevich","Dean, Karwoski"
2021-03-20,Pair,2,2021-03-20:1,13,"Corrigan, Harrity","Dean, Karwoski"
2021-03-20,Pair,2,2021-03-20:1,3,"Reed, Weiss","Dean, Karwoski"
2021-03-20,Pair,2,2021-03-20:1,2,"Dean, Karwoski","Davison, Dethlefs"
2021-03-20,Pair,2,2021-03-20:1,7,"Hack, Miklasevich","Mead, Richards"
2021-03-20,Pair,2,2021-03-20:1,12,"Corrigan, Harrity","Mead, Richards"
2021-03-20,Pair,2,2021-03-20:1,2,"Reed, Weiss","Mead, Richards"
2021-03-20,Pair,2,2021-03-20:1,3,"Mead, Richards","Davison, Dethlefs"
2021-03-20,Pair,2,2021-03-20:1,5,"Corrigan, Harrity","Hack, Miklasevich"
2021-03-20,Pair,2,2021-03-20:1,5,"Hack, Miklasevich","Reed, Weiss"
2021-03-20,Pair,2,2021-03-20:1,10,"Hack, Miklasevich","Davison, Dethlefs"
2021-03-20,Pair,2,2021-03-20:1,10,"Corrigan, Harrity","Reed, Weiss"
2021-03-20,Pair,2,2021-03-20:1,15,"Corrigan, Harrity","Davison, Dethlefs"
2021-03-20,Pair,2,2021-03-20:1,5,"Reed, Weiss","Davison, Dethlefs"
2021-03-20,Pair,2,2021-03-20:2,6,"Carlson, Wallis","Best, Grady"
2021-03-20,Pair,2,2021-03-20:2,5,"Dean, Karwoski","Best, Grady"
2021-03-20,Pair,2,2021-03-20:2,11,"Hack, Miklasevich","Best, Grady"
2021-03-20,Pair,2,2021-03-20:2,19,"Corrigan, Harrity","Best, Grady"
2021-03-20,Pair,2,2021-03-20:2,14,"Reed, Weiss","Best, Grady"
2021-03-20,Pair,2,2021-03-20:2,7,"Davison, Dethlefs","Best, Grady"
2021-03-20,Pair,2,2021-03-20:2,1,"Carlson, Wallis","Dean, Karwoski"
2021-03-20,Pair,2,2021-03-20:2,5,"Hack, Miklasevich","Carlson, Wallis"
2021-03-20,Pair,2,2021-03-20:2,13,"Corrigan, Harrity","Carlson, Wallis"
2021-03-20,Pair,2,2021-03-20:2,8,"Reed, Weiss","Carlson, Wallis"
2021-03-20,Pair,2,2021-03-20:2,1,"Davison, Dethlefs","Carlson, Wallis"
2021-03-20,Pair,2,2021-03-20:2,6,"Hack, Miklasevich","Dean, Karwoski"
2021-03-20,Pair,2,2021-03-20:2,14,"Corrigan, Harrity","Dean, Karwoski"
2021-03-20,Pair,2,2021-03-20:2,9,"Reed, Weiss","Dean, Karwoski"
2021-03-20,Pair,2,2021-03-20:2,2,"Davison, Dethlefs","Dean, Karwoski"
2021-03-20,Pair,2,2021-03-20:2,8,"Corrigan, Harrity","Hack, Miklasevich"
2021-03-20,Pair,2,2021-03-20:2,3,"Reed, Weiss","Hack, Miklasevich"
2021-03-20,Pair,2,2021-03-20:2,4,"Hack, Miklasevich","Davison, Dethlefs"
2021-03-20,Pair,2,2021-03-20:2,5,"Corrigan, Harrity","Reed, Weiss"
2021-03-20,Pair,2,2021-03-20:2,12,"Corrigan, Harrity","Davison, Dethlefs"
2021-03-20,Pair,2,2021-03-20:2,7,"Reed, Weiss","Davison, Dethlefs"
2021-03-20,Pair,2,2021-03-20:3,5,"Carlson, Wallis","Best, Grady"
2021-03-20,Pair,2,2021-03-20:3,4,"Dean, Karwoski","Best, Grady"
2021-03-20,Pair,2,2021-03-20:3,10,"Mead, Richards","Best, Grady"
2021-03-20,Pair,2,2021-03-20:3,3,"Hack, Miklasevich","Best, Grady"
2021-03-20,Pair,2,2021-03-20:3,12,"Corrigan, Harrity","Best, Grady"
2021-03-20,Pair,2,2021-03-20:3,6,"Reed, Weiss","Best, Grady"
2021-03-20,Pair,2,2021-03-20:3,6,"Best, Grady","Davison, Dethlefs"
2021-03-20,Pair,2,2021-03-20:3,1,"Carlson, Wallis","Dean, Karwoski"
2021-03-20,Pair,2,2021-03-20:3,5,"Mead, Richards","Carlson, Wallis"
2021-03-20,Pair,2,2021-03-20:3,2,"Carlson, Wallis","Hack, Miklasevich"
2021-03-20,Pair,2,2021-03-20:3,7,"Corrigan, Harrity","Carlson, Wallis"
2021-03-20,Pair,2,2021-03-20:3,1,"Reed, Weiss","Carlson, Wallis"
2021-03-20,Pair,2,2021-03-20:3,11,"Carlson, Wallis","Davison, Dethlefs"
2021-03-20,Pair,2,2021-03-20:3,6,"Mead, Richards","Dean, Karwoski"
2021-03-20,Pair,2,2021-03-20:3,1,"Dean, Karwoski","Hack, Miklasevich"
2021-03-20,Pair,2,2021-03-20:3,8,"Corrigan, Harrity","Dean, Karwoski"
2021-03-20,Pair,2,2021-03-20:3,2,"Reed, Weiss","Dean, Karwoski"
2021-03-20,Pair,2,2021-03-20:3,10,"Dean, Karwoski","Davison, Dethlefs"
2021-03-20,Pair,2,2021-03-20:3,7,"Mead, Richards","Hack, Miklasevich"
2021-03-20,Pair,2,2021-03-20:3,2,"Corrigan, Harrity","Mead, Richards"
2021-03-20,Pair,2,2021-03-20:3,4,"Mead, Richards","Reed, Weiss"
2021-03-20,Pair,2,2021-03-20:3,16,"Mead, Richards","Davison, Dethlefs"
2021-03-20,Pair,2,2021-03-20:3,9,"Corrigan, Harrity","Hack, Miklasevich"
2021-03-20,Pair,2,2021-03-20:3,3,"Reed, Weiss","Hack, Miklasevich"
2021-03-20,Pair,2,2021-03-20:3,9,"Hack, Miklasevich","Davison, Dethlefs"
2021-03-20,Pair,2,2021-03-20:3,6,"Corrigan, Harrity","Reed, Weiss"
2021-03-20,Pair,2,2021-03-20:3,18,"Corrigan, Harrity","Davison, Dethlefs"
2021-03-20,Pair,2,2021-03-20:3,12,"Reed, Weiss","Davison, Dethlefs"
2021-03-24,Four,4,2021-03-24:1,8,"Corrigan, Davison, Mead, Richards","Best, Carlson, Dean, Grady"
2021-03-24,Four,4,2021-03-24:1,1,"Hack, Miklasevich, Reed, Weiss","Corrigan, Davison, Mead, Richards"
2021-03-24,Four,4,2021-03-24:1,5,"Dethlefs, Harrity, Karwoski, Wallis","Corrigan, Davison, Mead, Richards"
2021-03-24,Four,4,2021-03-24:1,9,"Hack, Miklasevich, Reed, Weiss","Best, Carlson, Dean, Grady"
2021-03-24,Four,4,2021-03-24:1,13,"Dethlefs, Harrity, Karwoski, Wallis","Best, Carlson, Dean, Grady"
2021-03-24,Four,4,2021-03-24:1,4,"Dethlefs, Harrity, Karwoski, Wallis","Hack, Miklasevich, Reed, Weiss"
2021-03-24,Four,4,2021-03-24:2,9,"Corrigan, Davison, Mead, Richards","Best, Carlson, Dean, Grady"
2021-03-24,Four,4,2021-03-24:2,6,"Corrigan, Davison, Mead, Richards","Dethlefs, Harrity, Karwoski, Wallis"
2021-03-24,Four,4,2021-03-24:2,9,"Hack, Miklasevich, Reed, Weiss","Best, Carlson, Dean, Grady"
2021-03-24,Four,4,2021-03-24:2,3,"Dethlefs, Harrity, Karwoski, Wallis","Best, Carlson, Dean, Grady"
2021-03-24,Four,4,2021-03-24:2,6,"Hack, Miklasevich, Reed, Weiss","Dethlefs, Harrity, Karwoski, Wallis"
2021-03-24,Four,4,2021-03-24:3,5,"Corrigan, Davison, Mead, Richards","Hack, Miklasevich, Reed, Weiss"
2021-03-24,Four,4,2021-03-24:3,17,"Corrigan, Davison, Mead, Richards","Best, Carlson, Dean, Grady"
2021-03-24,Four,4,2021-03-24:3,16,"Corrigan, Davison, Mead, Richards","Dethlefs, Harrity, Karwoski, Wallis"
2021-03-24,Four,4,2021-03-24:3,12,"Hack, Miklasevich, Reed, Weiss","Best, Carlson, Dean, Grady"
2021-03-24,Four,4,2021-03-24:3,11,"Hack, Miklasevich, Reed, Weiss","Dethlefs, Harrity, Karwoski, Wallis"
2021-03-24,Four,4,2021-03-24:3,1,"Dethlefs, Harrity, Karwoski, Wallis","Best, Carlson, Dean, Grady"
2021-03-31,Four,4,2021-03-31:1,0.2,"Bub, Furey, Gaard, Knippen","Corrigan, Davison, Mead, Richards"
2021-03-31,Four,4,2021-03-31:1,8.1,"Bub, Furey, Gaard, Knippen","Carlson, Dethlefs, Harrity, Wallis"
2021-03-31,Four,4,2021-03-31:1,3.3,"Bub, Furey, Gaard, Knippen","Best, Dean, Grady, Karwoski"
2021-03-31,Four,4,2021-03-31:1,5.4,"Bub, Furey, Gaard, Knippen","Hack, Miklasevich, Reed, Weiss"
2021-03-31,Four,4,2021-03-31:1,7.9,"Corrigan, Davison, Mead, Richards","Carlson, Dethlefs, Harrity, Wallis"
2021-03-31,Four,4,2021-03-31:1,3.1,"Corrigan, Davison, Mead, Richards","Best, Dean, Grady, Karwoski"
2021-03-31,Four,4,2021-03-31:1,5.2,"Corrigan, Davison, Mead, Richards","Hack, Miklasevich, Reed, Weiss"
2021-03-31,Four,4,2021-03-31:1,4.8,"Best, Dean, Grady, Karwoski","Carlson, Dethlefs, Harrity, Wallis"
2021-03-31,Four,4,2021-03-31:1,2.7,"Hack, Miklasevich, Reed, Weiss","Carlson, Dethlefs, Harrity, Wallis"
2021-03-31,Four,4,2021-03-31:1,2.1,"Best, Dean, Grady, Karwoski","Hack, Miklasevich, Reed, Weiss"
2021-03-31,Four,4,2021-03-31:2,2.8,"Bub, Furey, Gaard, Knippen","Corrigan, Davison, Mead, Richards"
2021-03-31,Four,4,2021-03-31:2,9,"Bub, Furey, Gaard, Knippen","Carlson, Dethlefs, Harrity, Wallis"
2021-03-31,Four,4,2021-03-31:2,11.3,"Bub, Furey, Gaard, Knippen","Best, Dean, Grady, Karwoski"
2021-03-31,Four,4,2021-03-31:2,3.3,"Bub, Furey, Gaard, Knippen","Hack, Miklasevich, Reed, Weiss"
2021-03-31,Four,4,2021-03-31:2,6.2,"Corrigan, Davison, Mead, Richards","Carlson, Dethlefs, Harrity, Wallis"
2021-03-31,Four,4,2021-03-31:2,8.5,"Corrigan, Davison, Mead, Richards","Best, Dean, Grady, Karwoski"
2021-03-31,Four,4,2021-03-31:2,0.5,"Corrigan, Davison, Mead, Richards","Hack, Miklasevich, Reed, Weiss"
2021-03-31,Four,4,2021-03-31:2,2.3,"Carlson, Dethlefs, Harrity, Wallis","Best, Dean, Grady, Karwoski"
2021-03-31,Four,4,2021-03-31:2,5.7,"Hack, Miklasevich, Reed, Weiss","Carlson, Dethlefs, Harrity, Wallis"
2021-03-31,Four,4,2021-03-31:2,8,"Hack, Miklasevich, Reed, Weiss","Best, Dean, Grady, Karwoski"
2021-04-02,Four,4,2021-04-02:1,4,"Best, Corrigan, Davison, Harrity","Carlson, Dean, Grady, Wallis"
2021-04-02,Four,4,2021-04-02:1,4.7,"Best, Corrigan, Davison, Harrity","Hack, Karwoski, Richards, Weiss"
2021-04-02,Four,4,2021-04-02:1,0.7,"Best, Corrigan, Davison, Harrity","Dethlefs, Mead, Miklasevich, Reed"
2021-04-02,Four,4,2021-04-02:1,0.7,"Carlson, Dean, Grady, Wallis","Hack, Karwoski, Richards, Weiss"
2021-04-02,Four,4,2021-04-02:1,3.3,"Dethlefs, Mead, Miklasevich, Reed","Carlson, Dean, Grady, Wallis"
2021-04-02,Four,4,2021-04-02:1,4,"Dethlefs, Mead, Miklasevich, Reed","Hack, Karwoski, Richards, Weiss"
2021-04-02,Four,4,2021-04-02:2,2.2,"Corrigan, Davison, Harrity, Wallis","Best, Carlson, Dean, Grady"
2021-04-02,Four,4,2021-04-02:2,12.9,"Corrigan, Davison, Harrity, Wallis","Dethlefs, Hack, Karwoski, Richards"
2021-04-02,Four,4,2021-04-02:2,4.6,"Corrigan, Davison, Harrity, Wallis","Mead, Miklasevich, Reed, Weiss"
2021-04-02,Four,4,2021-04-02:2,10.7,"Best, Carlson, Dean, Grady","Dethlefs, Hack, Karwoski, Richards"
2021-04-02,Four,4,2021-04-02:2,2.4,"Best, Carlson, Dean, Grady","Mead, Miklasevich, Reed, Weiss"
2021-04-02,Four,4,2021-04-02:2,8.3,"Mead, Miklasevich, Reed, Weiss","Dethlefs, Hack, Karwoski, Richards"
2021-04-07,Four,4,2021-04-07:1,6,"Best, Corrigan, Davison, Miklasevich","Hack, Harrity, Mead, Richards"
2021-04-07,Four,4,2021-04-07:1,16,"Dean, Karwoski, Reed, Weiss","Best, Corrigan, Davison, Miklasevich"
2021-04-07,Four,4,2021-04-07:1,16,"Carlson, Dethlefs, Grady, Wallis","Best, Corrigan, Davison, Miklasevich"
2021-04-07,Four,4,2021-04-07:1,22,"Dean, Karwoski, Reed, Weiss","Hack, Harrity, Mead, Richards"
2021-04-07,Four,4,2021-04-07:1,22,"Carlson, Dethlefs, Grady, Wallis","Hack, Harrity, Mead, Richards"
2021-04-07,Four,4,2021-04-07:2,4,"Best, Corrigan, Davison, Miklasevich","Hack, Harrity, Mead, Richards"
2021-04-07,Four,4,2021-04-07:2,11.3,"Dean, Karwoski, Reed, Weiss","Best, Corrigan, Davison, Miklasevich"
2021-04-07,Four,4,2021-04-07:2,12.8,"Carlson, Dethlefs, Grady, Wallis","Best, Corrigan, Davison, Miklasevich"
2021-04-07,Four,4,2021-04-07:2,15.3,"Dean, Karwoski, Reed, Weiss","Hack, Harrity, Mead, Richards"
2021-04-07,Four,4,2021-04-07:2,16.8,"Carlson, Dethlefs, Grady, Wallis","Hack, Harrity, Mead, Richards"
2021-04-07,Four,4,2021-04-07:2,1.5,"Carlson, Dethlefs, Grady, Wallis","Dean, Karwoski, Reed, Weiss"
2021-04-07,Four,4,2021-04-07:3,11,"Best, Corrigan, Davison, Miklasevich","Hack, Harrity, Mead, Richards"
2021-04-07,Four,4,2021-04-07:3,12.5,"Dean, Karwoski, Reed, Weiss","Best, Corrigan, Davison, Miklasevich"
2021-04-07,Four,4,2021-04-07:3,12,"Carlson, Dethlefs, Grady, Wallis","Best, Corrigan, Davison, Miklasevich"
2021-04-07,Four,4,2021-04-07:3,23.5,"Dean, Karwoski, Reed, Weiss","Hack, Harrity, Mead, Richards"
2021-04-07,Four,4,2021-04-07:3,23,"Carlson, Dethlefs, Grady, Wallis","Hack, Harrity, Mead, Richards"
2021-04-07,Four,4,2021-04-07:3,0.5,"Dean, Karwoski, Reed, Weiss","Carlson, Dethlefs, Grady, Wallis"
2021-04-10,Four,4,2021-04-10:1,1.4,"Best, Corrigan, Davison, Miklasevich","Hack, Harrity, Mead, Richards"
2021-04-10,Four,4,2021-04-10:1,8.75,"Dean, Karwoski, Reed, Weiss","Best, Corrigan, Davison, Miklasevich"
2021-04-10,Four,4,2021-04-10:1,4.7,"Carlson, Dethlefs, Grady, Wallis","Best, Corrigan, Davison, Miklasevich"
2021-04-10,Four,4,2021-04-10:1,10.15,"Dean, Karwoski, Reed, Weiss","Hack, Harrity, Mead, Richards"
2021-04-10,Four,4,2021-04-10:1,6.1,"Carlson, Dethlefs, Grady, Wallis","Hack, Harrity, Mead, Richards"
2021-04-10,Four,4,2021-04-10:1,4.05,"Dean, Karwoski, Reed, Weiss","Carlson, Dethlefs, Grady, Wallis"
2021-04-10,Four,4,2021-04-10:2,0.7,"Hack, Harrity, Mead, Miklasevich","Best, Corrigan, Davison, Richards"
2021-04-10,Four,4,2021-04-10:2,13.3,"Carlson, Reed, Wallis, Weiss","Best, Corrigan, Davison, Richards"
2021-04-10,Four,4,2021-04-10:2,9.2,"Dean, Dethlefs, Grady, Karwoski","Best, Corrigan, Davison, Richards"
2021-04-10,Four,4,2021-04-10:2,12.6,"Carlson, Reed, Wallis, Weiss","Hack, Harrity, Mead, Miklasevich"
2021-04-10,Four,4,2021-04-10:2,8.5,"Dean, Dethlefs, Grady, Karwoski","Hack, Harrity, Mead, Miklasevich"
2021-04-10,Four,4,2021-04-10:2,4.1,"Carlson, Reed, Wallis, Weiss","Dean, Dethlefs, Grady, Karwoski"
2021-04-12,Four,4,2021-04-12:1,2,"Karwoski, Mead, Richards, Wallis","Dethlefs, Grady, Hack, Miklasevich"
2021-04-12,Four,4,2021-04-12:1,10.8,"Corrigan, Davison, Harrity, Weiss","Karwoski, Mead, Richards, Wallis"
2021-04-12,Four,4,2021-04-12:1,5.8,"Best, Carlson, Dean, Reed","Karwoski, Mead, Richards, Wallis"
2021-04-12,Four,4,2021-04-12:1,12.8,"Corrigan, Davison, Harrity, Weiss","Dethlefs, Grady, Hack, Miklasevich"
2021-04-12,Four,4,2021-04-12:1,7.8,"Best, Carlson, Dean, Reed","Dethlefs, Grady, Hack, Miklasevich"
2021-04-12,Four,4,2021-04-12:1,5,"Corrigan, Davison, Harrity, Weiss","Best, Carlson, Dean, Reed"
2021-04-12,Four,4,2021-04-12:2,2,"Grady, Hack, Miklasevich, Wallis","Dethlefs, Karwoski, Mead, Richards"
2021-04-12,Four,4,2021-04-12:2,14.4,"Carlson, Corrigan, Davison, Weiss","Dethlefs, Karwoski, Mead, Richards"
2021-04-12,Four,4,2021-04-12:2,11.9,"Best, Dean, Harrity, Reed","Dethlefs, Karwoski, Mead, Richards"
2021-04-12,Four,4,2021-04-12:2,12.4,"Carlson, Corrigan, Davison, Weiss","Grady, Hack, Miklasevich, Wallis"
2021-04-12,Four,4,2021-04-12:2,9.9,"Best, Dean, Harrity, Reed","Grady, Hack, Miklasevich, Wallis"
2021-04-12,Four,4,2021-04-12:2,2.5,"Carlson, Corrigan, Davison, Weiss","Best, Dean, Harrity, Reed"
2021-04-15,Four,4,2021-04-15:1,11.9,"Best, Carlson, Corrigan, Grady","Davison, Mead, Richards, Wallis"
2021-04-15,Four,4,2021-04-15:1,11.6,"Best, Carlson, Corrigan, Grady","Dethlefs, Hack, Harrity, Miklasevich"
2021-04-15,Four,4,2021-04-15:1,0.3,"Dethlefs, Hack, Harrity, Miklasevich","Davison, Mead, Richards, Wallis"
2021-04-15,Four,4,2021-04-15:2,16.7,"Corrigan, Karwoski, Reed, Weiss","Davison, Hack, Miklasevich, Wallis"
2021-04-15,Four,4,2021-04-15:2,16.7,"Corrigan, Karwoski, Reed, Weiss","Dethlefs, Harrity, Mead, Richards"
2021-04-18,Four,4,2021-04-18:1,0.8,"Davison, Hack, Miklasevich, Wallis","Dethlefs, Harrity, Mead, Richards"
2021-04-18,Four,4,2021-04-18:1,10.8,"Best, Corrigan, Grady, Karwoski","Dethlefs, Harrity, Mead, Richards"
2021-04-18,Four,4,2021-04-18:1,6.2,"Carlson, Dean, Reed, Weiss","Dethlefs, Harrity, Mead, Richards"
2021-04-18,Four,4,2021-04-18:1,10,"Best, Corrigan, Grady, Karwoski","Davison, Hack, Miklasevich, Wallis"
2021-04-18,Four,4,2021-04-18:1,5.4,"Carlson, Dean, Reed, Weiss","Davison, Hack, Miklasevich, Wallis"
2021-04-18,Four,4,2021-04-18:1,4.6,"Best, Corrigan, Grady, Karwoski","Carlson, Dean, Reed, Weiss"
2021-04-18,Four,4,2021-04-18:2,1.5,"Harrity, Mead, Richards, Wallis","Davison, Dethlefs, Hack, Miklasevich"
2021-04-18,Four,4,2021-04-18:2,12,"Best, Carlson, Corrigan, Grady","Harrity, Mead, Richards, Wallis"
2021-04-18,Four,4,2021-04-18:2,11.7,"Dean, Karwoski, Reed, Weiss","Harrity, Mead, Richards, Wallis"
2021-04-18,Four,4,2021-04-18:2,13.5,"Best, Carlson, Corrigan, Grady","Davison, Dethlefs, Hack, Miklasevich"
2021-04-18,Four,4,2021-04-18:2,13.2,"Dean, Karwoski, Reed, Weiss","Davison, Dethlefs, Hack, Miklasevich"
2021-04-18,Four,4,2021-04-18:2,0.3,"Best, Carlson, Corrigan, Grady","Dean, Karwoski, Reed, Weiss"
2021-04-21,Eight,8,2021-04-21:1,0.6,"Best, Dethlefs, Grady, Hack, Harrity, Mead, Miklasevich, Richards","Carlson, Corrigan, Davison, Dean, Karwoski, Reed, Wallis, Weiss"
2021-04-24,Four,4,2021-04-24:1,4.5,"Dean, Karwoski, Reed, Weiss","Carlson, Dethlefs, Grady, Wallis"
2021-04-24,Four,4,2021-04-24:2,2.3,"Karwoski, Reed, Wallis, Weiss","Best, Dean, Grady, Richards"
2021-04-28,Four,4,2021-04-28:1,1.2,"Dethlefs, Grady, Mead, Richards","Best, Carlson, Corrigan, Karwoski"
2021-04-28,Four,4,2021-04-28:1,2.2,"Dean, Harrity, Reed, Wallis","Dethlefs, Grady, Mead, Richards"
2021-04-28,Four,4,2021-04-28:1,3.4,"Dean, Harrity, Reed, Wallis","Best, Carlson, Corrigan, Karwoski"
2021-04-28,Four,4,2021-04-28:2,1.3,"Best, Carlson, Corrigan, Grady","Dethlefs, Karwoski, Mead, Richards"
2021-04-28,Four,4,2021-04-28:2,0.3,"Dean, Harrity, Reed, Wallis","Dethlefs, Karwoski, Mead, Richards"
2021-04-28,Four,4,2021-04-28:2,1,"Best, Carlson, Corrigan, Grady","Dean, Harrity, Reed, Wallis"
2021-05-01,Four,4,2021-05-01:1,0.2,"Best, Davison, Grady, Hack","Karwoski, Mead, Richards, Wallis"
2021-05-01,Four,4,2021-05-01:1,0.8,"Dean, Harrity, Reed, Weiss","Karwoski, Mead, Richards, Wallis"
2021-05-01,Four,4,2021-05-01:1,0.6,"Dean, Harrity, Reed, Weiss","Best, Davison, Grady, Hack"
2021-05-01,Four,4,2021-05-01:2,3.7,"Harrity, Karwoski, Mead, Wallis","Best, Davison, Grady, Hack"
2021-05-01,Four,4,2021-05-01:2,2,"Dean, Reed, Richards, Weiss","Harrity, Karwoski, Mead, Wallis"
2021-05-01,Four,4,2021-05-01:2,5.7,"Dean, Reed, Richards, Weiss","Best, Davison, Grady, Hack"
2021-05-05,Four,4,2021-05-05:1,1.54,"Dean, Grady, Reed, Weiss","Corrigan, Davison, Mead, Richards"
2021-05-05,Four,4,2021-05-05:1,5.22,"Corrigan, Davison, Mead, Richards","Best, Carlson, Harrity, Wallis"
2021-05-05,Four,4,2021-05-05:1,2.42,"Corrigan, Davison, Mead, Richards","Dethlefs, Hack, Karwoski, Miklasevich"
2021-05-05,Four,4,2021-05-05:1,6.76,"Dean, Grady, Reed, Weiss","Best, Carlson, Harrity, Wallis"
2021-05-05,Four,4,2021-05-05:1,3.96,"Dean, Grady, Reed, Weiss","Dethlefs, Hack, Karwoski, Miklasevich"
2021-05-05,Four,4,2021-05-05:1,2.8,"Dethlefs, Hack, Karwoski, Miklasevich","Best, Carlson, Harrity, Wallis"
2021-05-05,Four,4,2021-05-05:2,0.23,"Corrigan, Davison, Mead, Richards","Dean, Grady, Reed, Weiss"
2021-05-05,Four,4,2021-05-05:2,2.82,"Corrigan, Davison, Mead, Richards","Best, Harrity, Karwoski, Wallis"
2021-05-05,Four,4,2021-05-05:2,3.02,"Corrigan, Davison, Mead, Richards","Carlson, Dethlefs, Hack, Miklasevich"
2021-05-05,Four,4,2021-05-05:2,2.59,"Dean, Grady, Reed, Weiss","Best, Harrity, Karwoski, Wallis"
2021-05-05,Four,4,2021-05-05:2,2.79,"Dean, Grady, Reed, Weiss","Carlson, Dethlefs, Hack, Miklasevich"
2021-05-05,Four,4,2021-05-05:2,0.2,"Best, Harrity, Karwoski, Wallis","Carlson, Dethlefs, Hack, Miklasevich"
2021-05-07,Four,4,2021-05-07:1,1.1,"Best, Corrigan, Grady, Richards","Dean, Karwoski, Reed, Weiss"
2021-05-07,Four,4,2021-05-07:2,3.2,"Corrigan, Grady, Richards, Weiss","Best, Dean, Karwoski, Reed"
2021-05-08,Eight,8,2021-05-08:1,1,"Best, Grady, Hack, Harrity, Karwoski, Mead, Miklasevich, Wallis","Carlson, Corrigan, Davison, Dean, Dethlefs, Reed, Richards, Weiss"
2021-05-12,Pair,2,2021-05-12:1,13,"Corrigan, Harrity","Mead, Richards"
2021-05-12,Pair,2,2021-05-12:1,15,"Corrigan, Harrity","Hack, Miklasevich"
2021-05-12,Pair,2,2021-05-12:1,12,"Corrigan, Harrity","Best, Davison"
2021-05-12,Pair,2,2021-05-12:1,18,"Corrigan, Harrity","Dean, Grady"
2021-05-12,Pair,2,2021-05-12:1,27,"Corrigan, Harrity","Carlson, Wallis"
2021-05-12,Pair,2,2021-05-12:1,4,"Karwoski, Weiss","Corrigan, Harrity"
2021-05-12,Pair,2,2021-05-12:1,2,"Mead, Richards","Hack, Miklasevich"
2021-05-12,Pair,2,2021-05-12:1,1,"Best, Davison","Mead, Richards"
2021-05-12,Pair,2,2021-05-12:1,5,"Mead, Richards","Dean, Grady"
2021-05-12,Pair,2,2021-05-12:1,14,"Mead, Richards","Carlson, Wallis"
2021-05-12,Pair,2,2021-05-12:1,17,"Karwoski, Weiss","Mead, Richards"
2021-05-12,Pair,2,2021-05-12:1,13,"Dethlefs, Reed","Mead, Richards"
2021-05-12,Pair,2,2021-05-12:1,3,"Best, Davison","Hack, Miklasevich"
2021-05-12,Pair,2,2021-05-12:1,3,"Hack, Miklasevich","Dean, Grady"
2021-05-12,Pair,2,2021-05-12:1,12,"Hack, Miklasevich","Carlson, Wallis"
2021-05-12,Pair,2,2021-05-12:1,19,"Karwoski, Weiss","Hack, Miklasevich"
2021-05-12,Pair,2,2021-05-12:1,15,"Dethlefs, Reed","Hack, Miklasevich"
2021-05-12,Pair,2,2021-05-12:1,6,"Best, Davison","Dean, Grady"
2021-05-12,Pair,2,2021-05-12:1,15,"Best, Davison","Carlson, Wallis"
2021-05-12,Pair,2,2021-05-12:1,16,"Karwoski, Weiss","Best, Davison"
2021-05-12,Pair,2,2021-05-12:1,12,"Dethlefs, Reed","Best, Davison"
2021-05-12,Pair,2,2021-05-12:1,9,"Dean, Grady","Carlson, Wallis"
2021-05-12,Pair,2,2021-05-12:1,22,"Karwoski, Weiss","Dean, Grady"
2021-05-12,Pair,2,2021-05-12:1,18,"Dethlefs, Reed","Dean, Grady"
2021-05-12,Pair,2,2021-05-12:1,31,"Karwoski, Weiss","Carlson, Wallis"
2021-05-12,Pair,2,2021-05-12:1,27,"Dethlefs, Reed","Carlson, Wallis"
2021-05-12,Pair,2,2021-05-12:1,4,"Karwoski, Weiss","Dethlefs, Reed"
2021-05-12,Pair,2,2021-05-12:2,3,"Corrigan, Harrity","Mead, Richards"
2021-05-12,Pair,2,2021-05-12:2,5,"Corrigan, Harrity","Hack, Miklasevich"
2021-05-12,Pair,2,2021-05-12:2,11,"Corrigan, Harrity","Best, Davison"
2021-05-12,Pair,2,2021-05-12:2,19,"Corrigan, Harrity","Dean, Grady"
2021-05-12,Pair,2,2021-05-12:2,15,"Corrigan, Harrity","Carlson, Wallis"
2021-05-12,Pair,2,2021-05-12:2,5,"Karwoski, Weiss","Corrigan, Harrity"
2021-05-12,Pair,2,2021-05-12:2,2,"Mead, Richards","Hack, Miklasevich"
2021-05-12,Pair,2,2021-05-12:2,8,"Mead, Richards","Best, Davison"
2021-05-12,Pair,2,2021-05-12:2,16,"Mead, Richards","Dean, Grady"
2021-05-12,Pair,2,2021-05-12:2,12,"Mead, Richards","Carlson, Wallis"
2021-05-12,Pair,2,2021-05-12:2,8,"Karwoski, Weiss","Mead, Richards"
2021-05-12,Pair,2,2021-05-12:2,3,"Dethlefs, Reed","Mead, Richards"
2021-05-12,Pair,2,2021-05-12:2,6,"Hack, Miklasevich","Best, Davison"
2021-05-12,Pair,2,2021-05-12:2,14,"Hack, Miklasevich","Dean, Grady"
2021-05-12,Pair,2,2021-05-12:2,10,"Hack, Miklasevich","Carlson, Wallis"
2021-05-12,Pair,2,2021-05-12:2,10,"Karwoski, Weiss","Hack, Miklasevich"
2021-05-12,Pair,2,2021-05-12:2,5,"Dethlefs, Reed","Hack, Miklasevich"
2021-05-12,Pair,2,2021-05-12:2,8,"Best, Davison","Dean, Grady"
2021-05-12,Pair,2,2021-05-12:2,4,"Best, Davison","Carlson, Wallis"
2021-05-12,Pair,2,2021-05-12:2,16,"Karwoski, Weiss","Best, Davison"
2021-05-12,Pair,2,2021-05-12:2,11,"Dethlefs, Reed","Best, Davison"
2021-05-12,Pair,2,2021-05-12:2,4,"Carlson, Wallis","Dean, Grady"
2021-05-12,Pair,2,2021-05-12:2,24,"Karwoski, Weiss","Dean, Grady"
2021-05-12,Pair,2,2021-05-12:2,19,"Dethlefs, Reed","Dean, Grady"
2021-05-12,Pair,2,2021-05-12:2,20,"Karwoski, Weiss","Carlson, Wallis"
2021-05-12,Pair,2,2021-05-12:2,15,"Dethlefs, Reed","Carlson, Wallis"
2021-05-12,Pair,2,2021-05-12:2,5,"Karwoski, Weiss","Dethlefs, Reed"
2021-05-12,Pair,2,2021-05-12:3,14,"Corrigan, Harrity","Mead, Richards"
2021-05-12,Pair,2,2021-05-12:3,16,"Corrigan, Harrity","Hack, Miklasevich"
2021-05-12,Pair,2,2021-05-12:3,19,"Corrigan, Harrity","Best, Davison"
2021-05-12,Pair,2,2021-05-12:3,31,"Corrigan, Harrity","Dean, Grady"
2021-05-12,Pair,2,2021-05-12:3,40,"Corrigan, Harrity","Carlson, Wallis"
2021-05-12,Pair,2,2021-05-12:3,18,"Corrigan, Harrity","Karwoski, Weiss"
2021-05-12,Pair,2,2021-05-12:3,20,"Corrigan, Harrity","Dethlefs, Reed"
2021-05-12,Pair,2,2021-05-12:3,2,"Mead, Richards","Hack, Miklasevich"
2021-05-12,Pair,2,2021-05-12:3,5,"Mead, Richards","Best, Davison"
2021-05-12,Pair,2,2021-05-12:3,17,"Mead, Richards","Dean, Grady"
2021-05-12,Pair,2,2021-05-12:3,26,"Mead, Richards","Carlson, Wallis"
2021-05-12,Pair,2,2021-05-12:3,4,"Mead, Richards","Karwoski, Weiss"
2021-05-12,Pair,2,2021-05-12:3,6,"Mead, Richards","Dethlefs, Reed"
2021-05-12,Pair,2,2021-05-12:3,3,"Hack, Miklasevich","Best, Davison"
2021-05-12,Pair,2,2021-05-12:3,15,"Hack, Miklasevich","Dean, Grady"
2021-05-12,Pair,2,2021-05-12:3,24,"Hack, Miklasevich","Carlson, Wallis"
2021-05-12,Pair,2,2021-05-12:3,2,"Hack, Miklasevich","Karwoski, Weiss"
2021-05-12,Pair,2,2021-05-12:3,4,"Hack, Miklasevich","Dethlefs, Reed"
2021-05-12,Pair,2,2021-05-12:3,12,"Best, Davison","Dean, Grady"
2021-05-12,Pair,2,2021-05-12:3,21,"Best, Davison","Carlson, Wallis"
2021-05-12,Pair,2,2021-05-12:3,1,"Karwoski, Weiss","Best, Davison"
2021-05-12,Pair,2,2021-05-12:3,1,"Best, Davison","Dethlefs, Reed"
2021-05-12,Pair,2,2021-05-12:3,9,"Dean, Grady","Carlson, Wallis"
2021-05-12,Pair,2,2021-05-12:3,13,"Karwoski, Weiss","Dean, Grady"
2021-05-12,Pair,2,2021-05-12:3,11,"Dethlefs, Reed","Dean, Grady"
2021-05-12,Pair,2,2021-05-12:3,22,"Karwoski, Weiss","Carlson, Wallis"
2021-05-12,Pair,2,2021-05-12:3,20,"Dethlefs, Reed","Carlson, Wallis"
2021-05-12,Pair,2,2021-05-12:3,2,"Karwoski, Weiss","Dethlefs, Reed"
2021-05-26,Four,4,2021-05-26:1,7.3,"Best, Dean, Grady, Reed","Carlson, Dethlefs, Karwoski, Wallis"
2021-05-27,Four,4,2021-05-27:1,0.4,"Dean, Karwoski, Reed, Weiss","Corrigan, Dethlefs, Grady, Richards"
2021-05-28,Four,4,2021-05-28:1,1.17,"Best, Corrigan, Karwoski, Richards","Dean, Grady, Reed, Weiss"
2021-05-28,Four,4,2021-05-28:2,2.34,"Best, Corrigan, Grady, Richards","Dean, Karwoski, Reed, Weiss"